source,cell,cls,documented,measurable,dist_km,lam_bg_per_day,expected_5d,crit_RR,R_min_80pct,sig_primary_kPa,sig_secondary_kPa,dTau_min_kPa_Asigma0.03,R_pred_primary_Asigma0.03,power_primary_Asigma0.03,R_pred_secondary_Asigma0.03,power_secondary_Asigma0.03,dTau_min_kPa_Asigma0.10,R_pred_primary_Asigma0.10,power_primary_Asigma0.10,R_pred_secondary_Asigma0.10,power_secondary_Asigma0.10,dTau_min_kPa_Asigma0.15,R_pred_primary_Asigma0.15,power_primary_Asigma0.15,R_pred_secondary_Asigma0.15,power_secondary_Asigma0.15
landers,long_valley,A,True,True,440.8800119037442,1.7444444444444445,8.722222222222221,3.0250140845070406,3.650000000000002,54.59246861833644,273.4512303795755,38.84181502783203,6.1703092236366075,1.0,9091.007459447279,1.0,129.4727167594401,1.7262038414551342,0.0095,15.402229994834505,1.0,194.20907513916012,1.4390019611909504,0.00075,6.1904526035584935,1.0
landers,coso,A,True,True,235.4888194814678,1.1666666666666667,5.833333333333334,2.925454545454543,3.7000000000000024,154.60869970078892,614.0610246764111,39.24998458950538,173.05739861296217,1.0,775253648.8019443,1.0,130.83328196501793,4.693070208723158,0.9755,464.3368444738797,1.0,196.2499229475269,2.8030964038052115,0.4215,59.963747093928745,1.0
landers,geysers,A,True,True,766.9891858531885,2.2888888888888888,11.444444444444443,1.7893757935554717,2.200000000000001,21.774814994233534,133.86748057274164,23.65372081092812,2.066439682854959,0.74,86.6822689442745,1.0,78.84573603642706,1.2432739095804615,0.06575,3.8139858826927346,1.0,118.26860405464059,1.1562308335233735,0.03975,2.441102717181037,0.912
landers,yellowstone,A,True,True,1252.9213806892776,0.044444444444444446,0.22222222222222224,6.357857142857134,14.75,9.6416435455507,71.07739166349157,80.73729248357488,1.3790407078173827,0.0765,10.689333646215008,0.6725,269.1243082785829,1.1012175545554337,0.06225,2.0355660076006967,0.13775,403.68646241787434,1.0663884122989087,0.06025,1.6061648840081924,0.0935
landers,salton_brawley,A,False,True,144.73568385832397,0.5333333333333333,2.6666666666666665,3.857142857142857,5.25,346.85590168175594,1150.5636889673285,49.74684229810597,105015.51597277529,1.0,4.5301791114869176e+16,1.0,165.82280766035325,32.09046728822028,1.0,99273.79219531706,1.0,248.73421149052987,10.098356399463016,0.9995,2143.9915760793865,1.0
landers,lassen,,,False,,,,,,,,,,,,,,,,,,,,,,
landers,mono_west_nv_mina,B,True,False,491.60068337954743,0.011111111111111112,0.05555555555555556,0.0,,45.564635447528254,237.61459556929177,,4.566838547444816,0.14325,2753.1101602883623,0.62125,,1.577192479067098,0.05075,10.763340432731784,0.28225,,1.3549495705283818,0.0505,4.874888848076329,0.149
landers,little_skull_mtn,,,False,,,,,,,,,,,,,,,,,,,,,,
landers,cedar_city_ut,B,True,True,487.15456757852826,0.03333333333333333,0.16666666666666666,6.0,18.5,46.25703165747965,240.41583308144317,87.53312196252837,4.6734663490929735,0.29075,3022.56504558245,0.9535,291.77707320842785,1.5881507937138668,0.0965,11.069109831711645,0.6065,437.6656098126419,1.36121844085294,0.08625,4.966782372770686,0.31025
landers,smith_valley_nv,,,False,,,,,,,,,,,,,,,,,,,,,,
landers,parkfield,C,False,True,415.389727986717,0.08888888888888889,0.4444444444444445,4.606578947368405,9.0,60.26540279571577,295.2876538369507,65.91673732008658,7.454715311215791,0.7125,18824.637469700534,1.0,219.72245773362198,1.8269611776879509,0.124,19.160991858913324,0.99,329.5836866004329,1.4944665971469029,0.097,7.160532565858956,0.69175
landers,mendocino,C,False,True,988.5533007446611,24.555555555555557,122.77777777777779,2.645581395348833,2.8000000000000016,14.289086425357604,96.49461853022923,30.888582515434763,1.6101106137763417,0.0,24.9403577441475,1.0,102.96194171811588,1.1536038953734975,0.0,2.624646408120948,0.44225,154.44291257717381,1.0999454373544624,0.0,1.9027447649765132,0.0
landers,wasatch_slc,C,False,True,825.9673000286367,0.1,0.5,6.0,10.5,19.25512204621213,121.6665319147654,70.54125771490433,1.8999686794573727,0.0605,57.716959963033545,1.0,235.13752571634777,1.2123385986604351,0.02125,3.375911355553272,0.17125,352.70628857452164,1.1369707402951112,0.021,2.2504050286855306,0.08875
hectormine,long_valley,A,True,True,411.2111549838919,2.8666666666666667,14.333333333333334,3.048461538461538,3.5500000000000025,77.15372528583785,363.8392147772281,38.00842810461975,13.089244243695225,1.0,184974.60528483105,1.0,126.69476034873252,2.163088913861998,0.02425,38.03063989177859,1.0,190.04214052309877,1.672564652660314,0.0005,11.308953591265198,1.0
hectormine,coso,A,True,True,209.0321303046161,1.1888888888888889,5.944444444444445,3.124695652173912,3.9000000000000026,237.2198112142474,870.9202333425108,40.82929659406805,2717.1180047214693,1.0,4053794389545.028,1.0,136.09765531356015,10.720932214208505,1.0,6058.407970590739,1.0,204.14648297034023,4.86207551814799,0.97375,332.3321394799358,1.0
hectormine,geysers,A,True,True,748.7517795211193,2.2555555555555555,11.277777777777779,1.7134689233394957,2.100000000000001,28.530130169407606,167.9412422122442,22.258120341881334,2.5883078928535235,0.96575,269.8972705288252,1.0,74.19373447293778,1.3301627480390283,0.14475,5.362404215174258,1.0,111.29060170940666,1.2094925213557652,0.07325,3.063653878051339,0.997
hectormine,yellowstone,A,True,True,1206.5966212968665,0.8666666666666667,4.333333333333334,4.679710144927535,5.75,12.921457967889904,90.74821578969184,52.47599564427777,1.5383574642955677,0.00025,20.59277994643395,1.0,174.9199854809259,1.1379342755412867,0.0,2.47807526962488,0.01225,262.3799782213889,1.0899622396513249,0.0,1.831230426754867,0.0005
hectormine,salton_brawley,A,False,True,177.30480778954595,0.3333333333333333,1.6666666666666665,4.1746153846153815,6.0,311.76586526304186,1076.9703571120865,53.75278407684165,32604.171156898523,1.0,3897110997762298.0,1.0,179.1759469228055,22.593418626030346,1.0,47557.91788381352,1.0,268.7639203842083,7.991984498790655,0.95825,1312.6488279317864,1.0
hectormine,lassen,B,True,False,802.0084321978518,0.011111111111111112,0.05555555555555556,9.0,,25.45467650868396,153.6959363032559,,2.336114821870832,0.04675,167.87134404661003,0.6415,,1.2898768711367248,0.02425,4.650428486705633,0.09,,1.1849467577290247,0.02675,2.7860911036823643,0.05625
hectormine,mono_west_nv_mina,,,False,,,,,,,,,,,,,,,,,,,,,,
hectormine,little_skull_mtn,,,False,,,,,,,,,,,,,,,,,,,,,,
hectormine,cedar_city_ut,B,True,False,443.3231201842086,0.03333333333333333,0.16666666666666666,9.0,,68.10026164270926,330.205207944579,,9.679485232596065,0.399,60285.100631898735,0.95225,,1.9758577669116355,0.05675,27.168333334845162,0.843,,1.5746007440246546,0.05325,9.037368645220845,0.37475
hectormine,smith_valley_nv,C,True,False,544.4770124698647,0.011111111111111112,0.05555555555555556,9.0,,48.41484683905558,253.3025678248022,,5.0219998354447615,0.1005,4644.406761046354,0.623,,1.6227925611674119,0.027,12.591546527092502,0.21925,,1.3809416832123376,0.02725,5.412352198388599,0.102
hectormine,parkfield,C,False,True,410.5279859340007,0.18888888888888888,0.9444444444444444,4.0,6.75,77.36697516306181,364.6204635908787,57.28627514653315,13.182618375157451,0.99575,189854.91478068457,1.0,190.95425048844385,2.1677066201916553,0.13825,38.328917442558335,1.0,286.43137573266574,1.6749441717455724,0.08275,11.368007955454896,0.991
hectormine,mendocino,C,False,True,967.6759817308465,0.34444444444444444,1.7222222222222223,2.805624999999999,4.250000000000003,18.63772402910259,120.63173098816387,43.40756948808978,1.861267054005854,0.20175,55.76005203264637,1.0,144.69189829363262,1.204876702693239,0.06125,3.3411575201931853,0.623,217.0378474404489,1.1323006014660235,0.053,2.2349336479821162,0.308
hectormine,wasatch_slc,C,False,False,780.1682340682493,0.022222222222222223,0.11111111111111112,9.0,,26.648458762333973,159.2686690205305,,2.4309495898735443,0.07125,202.13901100642715,0.86875,,1.3053674703651654,0.0465,4.91694149677819,0.16275,,1.1944148399222148,0.0405,2.891545478411515,0.0975
hectormine,san_jacinto,C,False,True,131.91495734174126,1.2555555555555555,6.277777777777778,2.3684210526315788,3.0000000000000018,509.35022770059106,1577.1532564919867,32.958368660043305,23637403.82876213,1.0,6.786281653132344e+22,1.0,109.86122886681103,162.95959342954342,1.0,7071142.088459677,1.0,164.79184330021653,29.834581826517564,1.0,36840.572973684706,1.0
ridgecrest,long_valley,A,True,True,237.06747048801356,0.6222222222222222,3.111111111111111,3.4767857142857066,4.550000000000003,96.4755248837702,411.5933738018987,45.4538169888858,24.924489381987165,1.0,908708.0338944839,1.0,151.512723296286,2.6241453152549545,0.2085,61.30943449415159,1.0,227.26908494442895,1.9025025781519775,0.04825,15.548370238919427,1.0
ridgecrest,geysers,A,True,True,572.3907287667753,3.3444444444444446,16.72222222222222,1.8045251396648037,2.1500000000000012,22.332375046765634,132.01697230265,22.964035264187157,2.1052042673739164,0.79725,81.49696199537419,1.0,76.5467842139572,1.2502252692378617,0.0325,3.7440567759858485,1.0,114.8201763209358,1.160536618506632,0.014,2.411172511980555,0.94225
ridgecrest,yellowstone,A,True,True,1138.79496462784,0.32222222222222224,1.6111111111111112,5.0986607142857086,7.25,7.128612699110122,54.354870593641564,59.4300440659975,1.2682277117661716,0.0035,6.121633788412931,0.64875,198.10014688665834,1.073888450384735,0.00175,1.7221072838228222,0.0125,297.1502203299875,1.0486714577134164,0.0015,1.4367244053196657,0.0045
ridgecrest,salton_brawley,A,False,True,348.82259225498905,0.4888888888888889,2.444444444444444,4.097368421052631,5.5,50.81371748592982,250.08823968650694,51.14244276715276,5.4400626800219305,0.79375,4172.516692874484,1.0,170.47480922384253,1.6621919362261148,0.01375,12.193248499370917,1.0,255.7122138357638,1.4032038923939147,0.006,5.29760552769108,0.7715
ridgecrest,lassen,B,True,False,626.8532763949203,0.022222222222222223,0.11111111111111112,9.0,,19.204774807489642,117.41111143447438,,1.896782747697254,0.06075,50.08410611187008,0.84375,,1.2117283732807473,0.039,3.235265883903601,0.10025,,1.1365891820848204,0.03575,2.1874593208557567,0.06675
ridgecrest,mono_west_nv_mina,B,True,True,296.8487933724162,0.07777777777777778,0.3888888888888889,7.739999999999956,13.5,66.41956627590278,307.9517588714753,78.08069056333152,9.152119964219773,0.58,28711.661091918624,0.99925,260.26896854443834,1.9429271240294284,0.05425,21.747908428739883,0.96525,390.40345281665753,1.5570563887945952,0.0355,7.791331159294366,0.46925
ridgecrest,little_skull_mtn,B,True,True,167.2405432769011,0.05555555555555555,0.2777777777777778,6.0,13.25,172.17005081099492,645.5688780248822,77.51992657296694,310.7540283743855,0.9925,2215984476.969839,0.99325,258.3997552432231,5.594033079266838,0.3935,636.3118543858341,0.992,387.5996328648347,3.151253589968987,0.18975,73.9798323438712,0.9945
ridgecrest,cedar_city_ut,B,True,True,452.8752675808203,0.03333333333333333,0.16666666666666666,6.0,18.25,32.94428840513006,178.58328673292627,87.12495240085502,2.99859230487962,0.1905,384.8202047004377,0.951,290.41650800285004,1.3901934137582774,0.08225,5.964545554575936,0.37925,435.6247620042751,1.2456140103756943,0.08025,3.2889068492062,0.205
ridgecrest,smith_valley_nv,C,True,False,372.851983791387,0.022222222222222223,0.11111111111111112,9.0,,45.493996806712104,229.4939174357176,,4.5560980217488245,0.1475,2100.219722199975,0.8625,,1.576078765139331,0.05125,9.923832370443876,0.31425,,1.354311642107916,0.0445,4.617989557047388,0.144
ridgecrest,parkfield,C,False,True,261.3958444456314,0.15555555555555556,0.7777777777777778,3.6,6.25,82.03303999769591,362.859012523937,54.97744391244931,15.40103425515075,0.99875,179028.52281510702,1.0,183.25814637483103,2.271250134568648,0.2195,37.6596837330383,1.0,274.8872195622465,1.7278656755746569,0.13175,11.235294112057492,0.9835
ridgecrest,mendocino,C,False,True,789.9403681005164,0.45555555555555555,2.2777777777777777,2.7272727272727275,3.950000000000003,13.082720463322959,87.12776085911499,41.211467367390945,1.5466490417900551,0.11225,18.251708558747172,1.0,137.37155789130313,1.139770817178847,0.03325,2.3899623402247863,0.3475,206.0573368369547,1.091134669973158,0.03025,1.7875603174787544,0.15575
ridgecrest,wasatch_slc,C,False,False,740.7980867653287,0.022222222222222223,0.11111111111111112,6.0,,14.554686617513378,94.65431158609425,,1.6244287582321935,0.09,23.456407993277157,0.7435,,1.1566719421017404,0.0765,2.576786592496351,0.155,,1.1018948008129934,0.06125,1.8795431535996312,0.09925
ridgecrest,san_jacinto,C,False,True,271.95000593318883,0.7444444444444445,3.7222222222222223,2.618181818181818,3.500000000000002,76.81618821567565,344.7960696881728,37.58288905486106,12.942799459202606,1.0,98047.00866902756,1.0,125.27629684953686,2.1557999952386258,0.2695,31.436218917224746,1.0,187.9144452743053,1.6688052002783837,0.096,9.960631414206873,1.0
denali,long_valley,A,True,True,3452.2461708034125,0.8111111111111111,4.055555555555555,2.5250624999999993,3.3500000000000023,28.408983686572867,201.32696397473075,36.26881037510927,2.5778768218975294,0.51925,821.3084991943782,1.0,120.89603458369757,1.3285522783644517,0.0405,7.487759643340935,1.0,181.34405187554637,1.2085160772848773,0.0225,3.82737718240177,0.91225
denali,coso,A,True,True,3657.901445017407,0.5222222222222223,2.611111111111111,3.0000000000000004,4.200000000000003,25.80711714283897,186.84605393054008,43.0525357586797,2.3637213919529416,0.24275,506.84325683960157,1.0,143.50845252893234,1.2944309418450113,0.025,6.478315606495357,0.9865,215.26267879339852,1.1877341870360603,0.01875,3.475159438465152,0.622
denali,geysers,A,True,True,3194.9534940979197,2.4,12.0,1.7326459684893418,2.100000000000001,32.3067652031199,222.48152491457677,22.258120341881334,2.9355422037380263,0.99325,1662.455209455032,1.0,74.19373447293778,1.3813587994732006,0.1535,9.251773372968522,1.0,111.29060170940666,1.2403311925087965,0.0765,4.407070425468612,1.0
denali,yellowstone,A,True,True,3109.551769115477,0.6222222222222222,3.111111111111111,4.5,6.0,33.792963510206064,230.39500501115884,53.75278407684165,3.0846312400600473,0.1085,2164.2593934628885,1.0,179.1759469228055,1.4020418454029726,0.001,10.013658890954977,0.99875,268.7639203842083,1.2526814620980125,0.0,4.645814469068355,0.527
denali,salton_brawley,A,False,True,4034.1263006289187,0.8,4.0,4.400999999999988,5.5,21.93615257901826,164.67829693508526,51.14244276715276,2.077582765550259,0.004,242.08201277352128,1.0,170.47480922384253,1.2452813966585663,0.0,5.190255728878265,0.729,255.7122138357638,1.1574751258413685,0.0,2.997729931999008,0.09775
denali,lassen,,,False,,,,,,,,,,,,,,,,,,,,,,
denali,mono_west_nv_mina,B,True,True,3402.435969972006,0.06666666666666667,0.3333333333333333,6.0,12.0,29.102699700346538,205.13707591292805,74.54719949364002,2.638181858688146,0.15325,932.5311263558186,0.99825,248.49066497880003,1.3378007000726553,0.05075,7.778556328866978,0.57675,372.7359974682,1.2141181344605796,0.04525,3.925840647804566,0.25875
denali,little_skull_mtn,B,True,True,3634.879845139867,0.14444444444444443,0.7222222222222221,9.0,13.75,26.079010833656305,188.37403207772957,78.63116472337741,2.385241461946259,0.01175,533.326817656453,1.0,262.10388241125804,1.2979552068638638,0.00125,6.578062971564024,0.235,393.15582361688706,1.1898890556421389,0.00125,3.5107401370955196,0.0445
denali,cedar_city_ut,B,True,True,3674.26910382603,0.044444444444444446,0.22222222222222224,9.0,19.75,25.61656055840087,185.77303265460864,89.49460474041392,2.348754885877551,0.0665,489.0351761820457,0.983,298.3153491347131,1.2919666671188816,0.032,6.409173519768722,0.27175,447.4730237020696,1.186226274581667,0.0315,3.450388675849124,0.12325
denali,smith_valley_nv,C,True,True,3315.994211454072,0.044444444444444446,0.22222222222222224,9.0,19.5,30.37286539513272,212.0613174265464,89.11243396709102,2.752277763561122,0.089,1174.632463804335,0.98325,297.0414465569701,1.3549013590752352,0.0335,8.336247493299046,0.3665,445.5621698354551,1.2244426603228487,0.0335,4.111311659574971,0.14175
denali,parkfield,C,False,True,3572.553855061882,0.28888888888888886,1.4444444444444442,3.3749999999999996,5.25,26.83859836687132,192.62408047423983,49.74684229810597,2.446405845361058,0.24675,614.4961615184258,1.0,165.82280766035325,1.3078518520593578,0.04625,6.86365984613809,0.9435,248.73421149052987,1.1959298370246316,0.035,3.611634848654518,0.52425
denali,mendocino,C,False,True,2974.6001432129274,0.5444444444444444,2.722222222222222,2.966326530612241,4.0500000000000025,36.375849670809146,243.96657173572092,41.96150643355345,3.3619740702509815,0.6225,3402.3411863427314,1.0,139.87168811184486,1.4387267149608154,0.03875,11.46920614536987,1.0,209.80753216776725,1.2744384681640681,0.02375,5.085756613114616,0.934
denali,wasatch_slc,C,False,True,3427.3634529542646,0.3888888888888889,1.9444444444444444,9.0,11.75,28.75217779822162,203.214457490961,73.91559721770504,2.607536554054531,0.00025,874.6425159689651,1.0,246.3853240590168,1.3331196245025432,0.0,7.630432859226909,0.28125,369.5779860885252,1.2112842801908072,0.0,3.87584246671331,0.00875
denali,san_jacinto,C,False,True,3959.8268260181962,0.7,3.5,2.379605993340732,3.2500000000000018,22.623621804657354,168.6750784444149,35.3596498902494,2.125741593819337,0.36325,276.5806927721784,1.0,117.86549963416466,1.2538718174499377,0.05175,5.4019002209777724,0.9955,176.798249451247,1.162792157709985,0.03975,3.0786787354904415,0.759
