source,cell,cls,documented,dist_km,gate_km,gated_out,mcut,window,n_post,n_bg,lam_bg_per_day,expected,RR,p_cell,n_null,null_mean,null_p95,sig_primary_Pa,sig_secondary_Pa,sig_primary_Mw_Pa,p_familywise,p_WY_family,p_WY_within_source,p_familywise_within_source
landers,long_valley,A,True,440.8800119037442,140.0,False,1.5,5d,59,157,1.7444444444444445,8.722222222222221,6.7643312101910835,0.012332990750256937,972,1.1396044398887184,3.0250140845070406,54592.46861833644,273451.2303795755,54592.46861833644,0.9856115107913669,0.6772867420349434,0.22404933196300103,0.5971223021582733
landers,long_valley,A,True,440.8800119037442,140.0,False,1.5,1d,37,157,1.7444444444444445,1.7444444444444445,21.21019108280255,0.003083247687564234,972,1.0369612150435177,3.241287319786576,54592.46861833644,273451.2303795755,54592.46861833644,0.6896197327852004,0.14388489208633093,0.03391572456320658,0.20041109969167523
landers,long_valley,A,True,440.8800119037442,140.0,False,2.5,5d,5,13,0.14444444444444443,0.7222222222222221,6.923076923076924,0.025693730729701953,972,1.2488540715879843,4.5,54592.46861833644,273451.2303795755,54592.46861833644,0.9835560123329907,0.9260020554984584,0.44398766700924974,0.5847893114080165
landers,long_valley,A,True,440.8800119037442,140.0,False,2.5,1d,5,13,0.14444444444444443,0.14444444444444443,34.61538461538462,0.003083247687564234,972,0.9960139562229472,6.428571428571429,54592.46861833644,273451.2303795755,54592.46861833644,0.49229188078108943,0.14388489208633093,0.03391572456320658,0.1223021582733813
landers,coso,A,True,235.4888194814678,140.0,False,1.5,5d,101,105,1.1666666666666667,5.833333333333334,17.314285714285713,0.007194244604316547,972,1.2144463535946177,2.925454545454543,154608.69970078891,614061.0246764111,154608.69970078891,0.8581706063720452,0.4450154162384378,0.12435765673175746,0.3237410071942446
landers,coso,A,True,235.4888194814678,140.0,False,1.5,1d,20,105,1.1666666666666667,1.1666666666666667,17.142857142857142,0.0051387461459403904,972,1.1640310354743064,4.633289124668432,154608.69970078891,614061.0246764111,154608.69970078891,0.8581706063720452,0.302158273381295,0.07297019527235354,0.3237410071942446
landers,coso,A,True,235.4888194814678,140.0,False,2.5,5d,15,13,0.14444444444444443,0.7222222222222221,20.769230769230774,0.010718113612004287,932,1.7043176738834,9.0,154608.69970078891,614061.0246764111,154608.69970078891,0.6896197327852004,0.6187050359712231,0.19218910585817062,0.20041109969167523
landers,coso,A,True,235.4888194814678,140.0,False,2.5,1d,6,13,0.14444444444444443,0.14444444444444443,41.53846153846154,0.011789924973204717,932,1.4321596772032386,2.4949806949806854,154608.69970078891,614061.0246764111,154608.69970078891,0.4172661870503597,0.6598150051387461,0.21377183967112023,0.10277492291880781
landers,geysers,A,True,766.9891858531885,140.0,False,1.5,5d,10,206,2.2888888888888888,11.444444444444443,0.8737864077669905,0.6228160328879754,972,1.0216608990792544,1.7893757935554717,21774.814994233533,133867.48057274165,21774.814994233533,1.0,1.0,1.0,1.0
landers,geysers,A,True,766.9891858531885,140.0,False,1.5,1d,3,206,2.2888888888888888,2.2888888888888888,1.3106796116504855,0.29907502569373073,972,1.0029428074429854,2.664497041420118,21774.814994233533,133867.48057274165,21774.814994233533,1.0,1.0,0.9938335046248715,0.987667009249743
landers,geysers,A,True,766.9891858531885,140.0,False,2.5,5d,0,21,0.23333333333333334,1.1666666666666667,0.0,1.0,972,1.0465310816557203,3.3749999999999996,21774.814994233533,133867.48057274165,21774.814994233533,1.0,1.0,1.0,1.0
landers,geysers,A,True,766.9891858531885,140.0,False,2.5,1d,0,21,0.23333333333333334,0.23333333333333334,0.0,1.0,972,0.9701695770728032,5.625,21774.814994233533,133867.48057274165,21774.814994233533,1.0,1.0,1.0,1.0
landers,yellowstone,A,True,1252.9213806892776,140.0,False,1.5,5d,4,4,0.044444444444444446,0.22222222222222224,18.0,0.0051387461459403904,972,1.2921015417449422,6.357857142857134,9641.6435455507,71077.39166349157,9641.6435455507,0.8571428571428571,0.302158273381295,0.07297019527235354,0.3237410071942446
landers,yellowstone,A,True,1252.9213806892776,140.0,False,1.5,1d,4,4,0.044444444444444446,0.044444444444444446,90.0,0.0010277492291880781,972,1.143217745039571,7.3349999999999795,9641.6435455507,71077.39166349157,9641.6435455507,0.24357656731757452,0.0010277492291880781,0.0010277492291880781,0.051387461459403906
landers,yellowstone,A,True,1252.9213806892776,140.0,False,2.5,5d,0,0,0.0,0.0,,,549,1.2153005464480875,6.0,9641.6435455507,71077.39166349157,9641.6435455507,,,,
landers,yellowstone,A,True,1252.9213806892776,140.0,False,2.5,1d,0,0,0.0,0.0,,,549,0.3989071038251366,0.0,9641.6435455507,71077.39166349157,9641.6435455507,,,,
landers,salton_brawley,A,False,144.73568385832397,140.0,False,1.5,5d,4,48,0.5333333333333333,2.6666666666666665,1.5,0.24049331963001028,972,1.1462287760458478,3.857142857142857,346855.90168175596,1150563.6889673285,346855.90168175596,1.0,1.0,0.9835560123329907,0.9804727646454265
landers,salton_brawley,A,False,144.73568385832397,140.0,False,1.5,1d,1,48,0.5333333333333333,0.5333333333333333,1.875,0.17574511819116137,972,1.122943536498799,5.366310160427797,346855.90168175596,1150563.6889673285,346855.90168175596,1.0,1.0,0.9640287769784173,0.9588900308324769
landers,salton_brawley,A,False,144.73568385832397,140.0,False,2.5,5d,2,3,0.03333333333333333,0.16666666666666666,12.0,0.04303510758776897,882,1.7016697588126162,8.0,346855.90168175596,1150563.6889673285,346855.90168175596,0.920863309352518,0.9845837615621789,0.6258992805755396,0.3987667009249743
landers,salton_brawley,A,False,144.73568385832397,140.0,False,2.5,1d,0,3,0.03333333333333333,0.03333333333333333,0.0,1.0,882,2.053733398121153,0.0,346855.90168175596,1150563.6889673285,346855.90168175596,1.0,1.0,1.0,1.0
landers,lassen,B,True,830.9666570899155,140.0,False,1.5,5d,7,0,0.0,0.0,,,972,1.5862889123101542,8.0,19063.201605154783,120723.09725618914,19063.201605154783,,,,
landers,lassen,B,True,830.9666570899155,140.0,False,1.5,1d,5,0,0.0,0.0,,,972,1.232198357198357,0.0,19063.201605154783,120723.09725618914,19063.201605154783,,,,
landers,lassen,B,True,830.9666570899155,140.0,False,2.5,5d,2,0,0.0,0.0,,,354,0.211864406779661,0.0,19063.201605154783,120723.09725618914,19063.201605154783,,,,
landers,lassen,B,True,830.9666570899155,140.0,False,2.5,1d,2,0,0.0,0.0,,,354,0.2542372881355932,0.0,19063.201605154783,120723.09725618914,19063.201605154783,,,,
landers,mono_west_nv_mina,B,True,491.60068337954743,140.0,False,1.5,5d,3,1,0.011111111111111112,0.05555555555555556,53.99999999999999,0.0018050541516245488,553,0.7486437613019892,0.0,45564.63544752826,237614.59556929176,45564.63544752826,0.31449126413155193,0.0010277492291880781,0.0010277492291880781,0.07399794450154162
landers,mono_west_nv_mina,B,True,491.60068337954743,140.0,False,1.5,1d,1,1,0.011111111111111112,0.011111111111111112,90.0,0.009025270758122744,553,0.786618444846293,0.0,45564.63544752826,237614.59556929176,45564.63544752826,0.24357656731757452,0.5200411099691675,0.15210688591983557,0.051387461459403906
landers,mono_west_nv_mina,B,True,491.60068337954743,140.0,False,2.5,5d,3,1,0.011111111111111112,0.05555555555555556,53.99999999999999,0.002044989775051125,488,0.6639344262295082,0.0,45564.63544752826,237614.59556929176,45564.63544752826,0.31449126413155193,0.0010277492291880781,0.0010277492291880781,0.07399794450154162
landers,mono_west_nv_mina,B,True,491.60068337954743,140.0,False,2.5,1d,1,1,0.011111111111111112,0.011111111111111112,90.0,0.0081799591002045,488,0.7069672131147541,0.0,45564.63544752826,237614.59556929176,45564.63544752826,0.24357656731757452,0.4789311408016444,0.13566289825282632,0.051387461459403906
landers,little_skull_mtn,B,True,289.59650178787035,140.0,False,1.5,5d,11,0,0.0,0.0,,,535,0.7066203469402891,3.5999999999999996,109680.06932681125,470261.94807158026,109680.06932681125,,,,
landers,little_skull_mtn,B,True,289.59650178787035,140.0,False,1.5,1d,3,0,0.0,0.0,,,535,1.1561101195145493,0.5744680851062959,109680.06932681125,470261.94807158026,109680.06932681125,,,,
landers,little_skull_mtn,B,True,289.59650178787035,140.0,False,2.5,5d,11,0,0.0,0.0,,,445,0.625607455117016,3.515294117647039,109680.06932681125,470261.94807158026,109680.06932681125,,,,
landers,little_skull_mtn,B,True,289.59650178787035,140.0,False,2.5,1d,3,0,0.0,0.0,,,445,1.0035933802358126,0.0,109680.06932681125,470261.94807158026,109680.06932681125,,,,
landers,cedar_city_ut,B,True,487.15456757852826,140.0,False,1.5,5d,34,3,0.03333333333333333,0.16666666666666666,204.0,0.001141552511415525,875,1.3010461844775434,6.0,46257.03165747965,240415.83308144315,46257.03165747965,0.025693730729701953,0.0010277492291880781,0.0010277492291880781,0.006166495375128468
landers,cedar_city_ut,B,True,487.15456757852826,140.0,False,1.5,1d,30,3,0.03333333333333333,0.03333333333333333,900.0,0.001141552511415525,875,1.2619026687598118,0.0,46257.03165747965,240415.83308144315,46257.03165747965,0.003083247687564234,0.0010277492291880781,0.0010277492291880781,0.0010277492291880781
landers,cedar_city_ut,B,True,487.15456757852826,140.0,False,2.5,5d,9,1,0.011111111111111112,0.05555555555555556,162.0,0.0025380710659898475,393,0.4763358778625954,0.0,46257.03165747965,240415.83308144315,46257.03165747965,0.05344295991778006,0.08119218910585817,0.014388489208633094,0.011305241521068859
landers,cedar_city_ut,B,True,487.15456757852826,140.0,False,2.5,1d,9,1,0.011111111111111112,0.011111111111111112,810.0,0.0025380710659898475,393,0.22900763358778625,0.0,46257.03165747965,240415.83308144315,46257.03165747965,0.003083247687564234,0.08119218910585817,0.014388489208633094,0.0010277492291880781
landers,smith_valley_nv,C,True,575.9470497771239,140.0,False,1.5,5d,2,0,0.0,0.0,,,475,1.3523007518796992,6.899999999999864,35032.373867659844,193713.42085504887,35032.373867659844,,,,
landers,smith_valley_nv,C,True,575.9470497771239,140.0,False,1.5,1d,0,0,0.0,0.0,,,475,1.6736842105263159,0.0,35032.373867659844,193713.42085504887,35032.373867659844,,,,
landers,smith_valley_nv,C,True,575.9470497771239,140.0,False,2.5,5d,2,0,0.0,0.0,,,251,0.4231075697211155,0.0,35032.373867659844,193713.42085504887,35032.373867659844,,,,
landers,smith_valley_nv,C,True,575.9470497771239,140.0,False,2.5,1d,0,0,0.0,0.0,,,251,1.0756972111553784,0.0,35032.373867659844,193713.42085504887,35032.373867659844,,,,
landers,parkfield,C,False,415.389727986717,140.0,False,1.5,5d,1,8,0.08888888888888889,0.4444444444444445,2.25,0.17060637204522097,972,1.2784383878570238,4.606578947368405,60265.402795715774,295287.6538369507,60265.402795715774,1.0,1.0,0.9619732785200411,0.9445015416238438
landers,parkfield,C,False,415.389727986717,140.0,False,1.5,1d,0,8,0.08888888888888889,0.08888888888888889,0.0,1.0,972,1.3461241851782992,8.181818181818182,60265.402795715774,295287.6538369507,60265.402795715774,1.0,1.0,1.0,1.0
landers,parkfield,C,False,415.389727986717,140.0,False,2.5,5d,0,1,0.011111111111111112,0.05555555555555556,0.0,1.0,857,1.2446824470745124,6.0,60265.402795715774,295287.6538369507,60265.402795715774,1.0,1.0,1.0,1.0
landers,parkfield,C,False,415.389727986717,140.0,False,2.5,1d,0,1,0.011111111111111112,0.011111111111111112,0.0,1.0,857,0.9557842973828972,0.0,60265.402795715774,295287.6538369507,60265.402795715774,1.0,1.0,1.0,1.0
landers,mendocino,C,False,988.5533007446611,140.0,False,1.5,5d,16,2210,24.555555555555557,122.77777777777779,0.13031674208144794,0.9311408016443987,972,1.7549606237923372,2.645581395348833,14289.086425357604,96494.61853022923,14289.086425357604,1.0,1.0,1.0,1.0
landers,mendocino,C,False,988.5533007446611,140.0,False,1.5,1d,1,2210,24.555555555555557,24.555555555555557,0.04072398190045248,0.5652620760534429,972,1.1015909838852043,3.842097264437688,14289.086425357604,96494.61853022923,14289.086425357604,1.0,1.0,1.0,1.0
landers,mendocino,C,False,988.5533007446611,140.0,False,2.5,5d,3,597,6.633333333333334,33.16666666666667,0.09045226130653265,0.6073997944501541,972,2.008508253698116,4.0,14289.086425357604,96494.61853022923,14289.086425357604,1.0,1.0,1.0,1.0
landers,mendocino,C,False,988.5533007446611,140.0,False,2.5,1d,0,597,6.633333333333334,6.633333333333334,0.0,1.0,972,1.2694942627434853,7.73450508788158,14289.086425357604,96494.61853022923,14289.086425357604,1.0,1.0,1.0,1.0
landers,wasatch_slc,C,False,825.9673000286367,140.0,False,1.5,5d,0,9,0.1,0.5,0.0,1.0,763,0.9926792735442801,6.0,19255.12204621213,121666.5319147654,19255.12204621213,1.0,1.0,1.0,1.0
landers,wasatch_slc,C,False,825.9673000286367,140.0,False,1.5,1d,0,9,0.1,0.1,0.0,1.0,763,0.9880172252387194,0.0,19255.12204621213,121666.5319147654,19255.12204621213,1.0,1.0,1.0,1.0
landers,wasatch_slc,C,False,825.9673000286367,140.0,False,2.5,5d,0,5,0.05555555555555555,0.2777777777777778,0.0,1.0,98,0.0,0.0,19255.12204621213,121666.5319147654,19255.12204621213,1.0,1.0,1.0,1.0
landers,wasatch_slc,C,False,825.9673000286367,140.0,False,2.5,1d,0,5,0.05555555555555555,0.05555555555555555,0.0,1.0,98,0.0,0.0,19255.12204621213,121666.5319147654,19255.12204621213,1.0,1.0,1.0,1.0
hectormine,long_valley,A,True,411.2111549838919,96.0,False,1.5,5d,28,258,2.8666666666666667,14.333333333333334,1.9534883720930232,0.1130524152106886,972,1.181358632693601,3.048461538461538,77153.72528583785,363839.21477722813,38668.462140047544,1.0,1.0,0.9547790339157246,0.986639260020555
hectormine,long_valley,A,True,411.2111549838919,96.0,False,1.5,1d,11,258,2.8666666666666667,2.8666666666666667,3.8372093023255816,0.03391572456320658,972,1.156071052222906,3.1505583126550816,77153.72528583785,363839.21477722813,38668.462140047544,1.0,0.9691675231243576,0.6351490236382322,0.8890030832476875
hectormine,long_valley,A,True,411.2111549838919,96.0,False,2.5,5d,2,33,0.36666666666666664,1.8333333333333333,1.090909090909091,0.34224049331963,972,1.3485562457975349,5.25857142857141,77153.72528583785,363839.21477722813,38668.462140047544,1.0,1.0,1.0,1.0
hectormine,long_valley,A,True,411.2111549838919,96.0,False,2.5,1d,0,33,0.36666666666666664,0.36666666666666664,0.0,1.0,972,1.2573741651009753,6.651098901098868,77153.72528583785,363839.21477722813,38668.462140047544,1.0,1.0,1.0,1.0
hectormine,coso,A,True,209.0321303046161,96.0,False,1.5,5d,7,107,1.1888888888888889,5.944444444444445,1.1775700934579438,0.24357656731757452,972,1.3089610983439683,3.124695652173912,237219.8112142474,870920.2333425108,118891.54094405222,1.0,1.0,1.0,1.0
hectormine,coso,A,True,209.0321303046161,96.0,False,1.5,1d,1,107,1.1888888888888889,1.1888888888888889,0.8411214953271028,0.3658787255909558,972,1.1437598540081835,3.5999999999999996,237219.8112142474,870920.2333425108,118891.54094405222,1.0,1.0,1.0,1.0
hectormine,coso,A,True,209.0321303046161,96.0,False,2.5,5d,1,7,0.07777777777777778,0.3888888888888889,2.571428571428571,0.13367875647668392,964,2.0097076032045083,9.0,237219.8112142474,870920.2333425108,118891.54094405222,1.0,1.0,0.9691675231243576,0.9640287769784173
hectormine,coso,A,True,209.0321303046161,96.0,False,2.5,1d,0,7,0.07777777777777778,0.07777777777777778,0.0,1.0,964,1.5103165899652944,7.5,237219.8112142474,870920.2333425108,118891.54094405222,1.0,1.0,1.0,1.0
hectormine,geysers,A,True,748.7517795211193,96.0,False,1.5,5d,8,203,2.2555555555555555,11.277777777777779,0.70935960591133,0.7697841726618705,972,1.0160974883123688,1.7134689233394957,28530.130169407606,167941.2422122442,14298.937014631356,1.0,1.0,1.0,1.0
hectormine,geysers,A,True,748.7517795211193,96.0,False,1.5,1d,1,203,2.2555555555555555,2.2555555555555555,0.4433497536945813,0.7646454265159301,972,1.0057632031959667,2.3316062176165806,28530.130169407606,167941.2422122442,14298.937014631356,1.0,1.0,1.0,1.0
hectormine,geysers,A,True,748.7517795211193,96.0,False,2.5,5d,1,10,0.1111111111111111,0.5555555555555556,1.7999999999999998,0.23638232271325796,972,1.088392372298992,3.5999999999999996,28530.130169407606,167941.2422122442,14298.937014631356,1.0,1.0,1.0,0.9948612538540597
hectormine,geysers,A,True,748.7517795211193,96.0,False,2.5,1d,0,10,0.1111111111111111,0.1111111111111111,0.0,1.0,972,1.144768076186199,7.5,28530.130169407606,167941.2422122442,14298.937014631356,1.0,1.0,1.0,1.0
hectormine,yellowstone,A,True,1206.5966212968665,96.0,False,1.5,5d,2,78,0.8666666666666667,4.333333333333334,0.46153846153846145,0.5426515930113053,972,1.289052908497333,4.679710144927535,12921.457967889903,90748.21578969184,6476.069773357805,1.0,1.0,1.0,1.0
hectormine,yellowstone,A,True,1206.5966212968665,96.0,False,1.5,1d,0,78,0.8666666666666667,0.8666666666666667,0.0,1.0,972,1.3761158216680625,6.505714285714274,12921.457967889903,90748.21578969184,6476.069773357805,1.0,1.0,1.0,1.0
hectormine,yellowstone,A,True,1206.5966212968665,96.0,False,2.5,5d,0,13,0.14444444444444443,0.7222222222222221,0.0,1.0,793,1.0705458475950278,9.0,12921.457967889903,90748.21578969184,6476.069773357805,1.0,1.0,1.0,1.0
hectormine,yellowstone,A,True,1206.5966212968665,96.0,False,2.5,1d,0,13,0.14444444444444443,0.14444444444444443,0.0,1.0,793,1.226634021715989,0.0,12921.457967889903,90748.21578969184,6476.069773357805,1.0,1.0,1.0,1.0
hectormine,salton_brawley,A,False,177.30480778954595,96.0,False,1.5,5d,112,30,0.3333333333333333,1.6666666666666665,67.2,0.0010277492291880781,972,1.0964603323502633,4.1746153846153815,311765.86526304187,1076970.3571120866,156253.07155059656,0.2682425488180884,0.0010277492291880781,0.0010277492291880781,0.07708119218910586
hectormine,salton_brawley,A,False,177.30480778954595,96.0,False,1.5,1d,30,30,0.3333333333333333,0.3333333333333333,90.0,0.0010277492291880781,972,1.0884124381599947,5.7066532258064395,311765.86526304187,1076970.3571120866,156253.07155059656,0.24357656731757452,0.0010277492291880781,0.0010277492291880781,0.0698869475847893
hectormine,salton_brawley,A,False,177.30480778954595,96.0,False,2.5,5d,52,1,0.011111111111111112,0.05555555555555556,935.9999999999999,0.0010438413361169101,957,1.7573508746781525,9.0,311765.86526304187,1076970.3571120866,156253.07155059656,0.003083247687564234,0.0010277492291880781,0.0010277492291880781,0.0010277492291880781
hectormine,salton_brawley,A,False,177.30480778954595,96.0,False,2.5,1d,17,1,0.011111111111111112,0.011111111111111112,1530.0,0.0010438413361169101,957,1.9103702440933072,0.0,311765.86526304187,1076970.3571120866,156253.07155059656,0.0010277492291880781,0.0010277492291880781,0.0010277492291880781,0.0010277492291880781
hectormine,lassen,B,True,802.0084321978518,96.0,False,1.5,5d,0,1,0.011111111111111112,0.05555555555555556,0.0,1.0,825,1.552694214876033,9.0,25454.67650868396,153695.9363032559,12757.558902264404,1.0,1.0,1.0,1.0
hectormine,lassen,B,True,802.0084321978518,96.0,False,1.5,1d,0,1,0.011111111111111112,0.011111111111111112,0.0,1.0,825,0.7481818181818182,0.0,25454.67650868396,153695.9363032559,12757.558902264404,1.0,1.0,1.0,1.0
hectormine,lassen,B,True,802.0084321978518,96.0,False,2.5,5d,0,0,0.0,0.0,,,164,0.0,0.0,25454.67650868396,153695.9363032559,12757.558902264404,,,,
hectormine,lassen,B,True,802.0084321978518,96.0,False,2.5,1d,0,0,0.0,0.0,,,164,0.0,0.0,25454.67650868396,153695.9363032559,12757.558902264404,,,,
hectormine,mono_west_nv_mina,B,True,455.2882114840334,96.0,False,1.5,5d,0,0,0.0,0.0,,,733,1.1223646607532753,6.0,65155.21468896208,319053.67196733266,32654.96180635186,,,,
hectormine,mono_west_nv_mina,B,True,455.2882114840334,96.0,False,1.5,1d,0,0,0.0,0.0,,,733,1.1036818263275336,7.5,65155.21468896208,319053.67196733266,32654.96180635186,,,,
hectormine,mono_west_nv_mina,B,True,455.2882114840334,96.0,False,2.5,5d,0,0,0.0,0.0,,,618,0.6378640776699029,0.0,65155.21468896208,319053.67196733266,32654.96180635186,,,,
hectormine,mono_west_nv_mina,B,True,455.2882114840334,96.0,False,2.5,1d,0,0,0.0,0.0,,,618,0.3762135922330097,0.0,65155.21468896208,319053.67196733266,32654.96180635186,,,,
hectormine,little_skull_mtn,B,True,245.3033360668494,96.0,False,1.5,5d,0,0,0.0,0.0,,,652,1.1470698315526762,6.0,181884.99762980785,708493.3104196442,91158.43880038623,,,,
hectormine,little_skull_mtn,B,True,245.3033360668494,96.0,False,1.5,1d,0,0,0.0,0.0,,,652,1.008078379617369,0.0,181884.99762980785,708493.3104196442,91158.43880038623,,,,
hectormine,little_skull_mtn,B,True,245.3033360668494,96.0,False,2.5,5d,0,0,0.0,0.0,,,416,0.8004807692307693,0.0,181884.99762980785,708493.3104196442,91158.43880038623,,,,
hectormine,little_skull_mtn,B,True,245.3033360668494,96.0,False,2.5,1d,0,0,0.0,0.0,,,416,0.4326923076923077,0.0,181884.99762980785,708493.3104196442,91158.43880038623,,,,
hectormine,cedar_city_ut,B,True,443.3231201842086,96.0,False,1.5,5d,0,3,0.03333333333333333,0.16666666666666666,0.0,1.0,928,1.4378281583631787,9.0,68100.26164270926,330205.207944579,34130.981742002834,1.0,1.0,1.0,1.0
hectormine,cedar_city_ut,B,True,443.3231201842086,96.0,False,1.5,1d,0,3,0.03333333333333333,0.03333333333333333,0.0,1.0,928,1.4021699814428452,0.0,68100.26164270926,330205.207944579,34130.981742002834,1.0,1.0,1.0,1.0
hectormine,cedar_city_ut,B,True,443.3231201842086,96.0,False,2.5,5d,0,0,0.0,0.0,,,217,0.16589861751152074,0.0,68100.26164270926,330205.207944579,34130.981742002834,,,,
hectormine,cedar_city_ut,B,True,443.3231201842086,96.0,False,2.5,1d,0,0,0.0,0.0,,,217,0.0,0.0,68100.26164270926,330205.207944579,34130.981742002834,,,,
hectormine,smith_valley_nv,C,True,544.4770124698647,96.0,False,1.5,5d,0,1,0.011111111111111112,0.05555555555555556,0.0,1.0,768,1.6701460810723534,9.0,48414.84683905558,253302.5678248022,24264.903153754312,1.0,1.0,1.0,1.0
hectormine,smith_valley_nv,C,True,544.4770124698647,96.0,False,1.5,1d,0,1,0.011111111111111112,0.011111111111111112,0.0,1.0,768,1.5285128084772406,1.21054054054054,48414.84683905558,253302.5678248022,24264.903153754312,1.0,1.0,1.0,1.0
hectormine,smith_valley_nv,C,True,544.4770124698647,96.0,False,2.5,5d,0,0,0.0,0.0,,,520,1.466286644060116,1.8385714285713932,48414.84683905558,253302.5678248022,24264.903153754312,,,,
hectormine,smith_valley_nv,C,True,544.4770124698647,96.0,False,2.5,1d,0,0,0.0,0.0,,,520,1.866935335350027,0.0,48414.84683905558,253302.5678248022,24264.903153754312,,,,
hectormine,parkfield,C,False,410.5279859340007,96.0,False,1.5,5d,1,17,0.18888888888888888,0.9444444444444444,1.0588235294117647,0.41521068859198357,972,1.1588390025053132,4.0,77366.97516306181,364620.4635908787,38775.34025608477,1.0,1.0,1.0,1.0
hectormine,parkfield,C,False,410.5279859340007,96.0,False,1.5,1d,0,17,0.18888888888888888,0.18888888888888888,0.0,1.0,972,1.222992136054045,7.646739130434761,77366.97516306181,364620.4635908787,38775.34025608477,1.0,1.0,1.0,1.0
hectormine,parkfield,C,False,410.5279859340007,96.0,False,2.5,5d,0,3,0.03333333333333333,0.16666666666666666,0.0,1.0,841,1.3184304399524376,9.0,77366.97516306181,364620.4635908787,38775.34025608477,1.0,1.0,1.0,1.0
hectormine,parkfield,C,False,410.5279859340007,96.0,False,2.5,1d,0,3,0.03333333333333333,0.03333333333333333,0.0,1.0,841,1.4625445897740785,0.0,77366.97516306181,364620.4635908787,38775.34025608477,1.0,1.0,1.0,1.0
hectormine,mendocino,C,False,967.6759817308465,96.0,False,1.5,5d,2,31,0.34444444444444444,1.7222222222222223,1.161290322580645,0.33607399794450155,972,1.06724565976257,2.805624999999999,18637.72402910259,120631.73098816386,9340.989347254448,1.0,1.0,1.0,1.0
hectormine,mendocino,C,False,967.6759817308465,96.0,False,1.5,1d,0,31,0.34444444444444444,0.34444444444444444,0.0,1.0,972,0.9904707963904074,4.285714285714286,18637.72402910259,120631.73098816386,9340.989347254448,1.0,1.0,1.0,1.0
hectormine,mendocino,C,False,967.6759817308465,96.0,False,2.5,5d,2,4,0.044444444444444446,0.22222222222222224,9.0,0.01644398766700925,972,1.3433287368705158,4.5,18637.72402910259,120631.73098816386,9340.989347254448,0.9743062692702981,0.7923946557040082,0.3545734840698869,0.6361767728674204
hectormine,mendocino,C,False,967.6759817308465,96.0,False,2.5,1d,0,4,0.044444444444444446,0.044444444444444446,0.0,1.0,972,1.122062847940041,10.0,18637.72402910259,120631.73098816386,9340.989347254448,1.0,1.0,1.0,1.0
hectormine,wasatch_slc,C,False,780.1682340682493,96.0,False,1.5,5d,0,2,0.022222222222222223,0.11111111111111112,0.0,1.0,953,1.5129381566605236,9.0,26648.458762333972,159268.6690205305,13355.867327524587,1.0,1.0,1.0,1.0
hectormine,wasatch_slc,C,False,780.1682340682493,96.0,False,1.5,1d,0,2,0.022222222222222223,0.022222222222222223,0.0,1.0,953,1.5376787258951268,7.319999999999993,26648.458762333972,159268.6690205305,13355.867327524587,1.0,1.0,1.0,1.0
hectormine,wasatch_slc,C,False,780.1682340682493,96.0,False,2.5,5d,0,0,0.0,0.0,,,294,0.8559037900874635,6.0,26648.458762333972,159268.6690205305,13355.867327524587,,,,
hectormine,wasatch_slc,C,False,780.1682340682493,96.0,False,2.5,1d,0,0,0.0,0.0,,,294,0.9595481049562683,0.0,26648.458762333972,159268.6690205305,13355.867327524587,,,,
hectormine,san_jacinto,C,False,131.91495734174126,96.0,False,1.5,5d,2,113,1.2555555555555555,6.277777777777778,0.3185840707964602,0.8622816032887975,972,1.061103004555993,2.3684210526315788,509350.2277005911,1577153.2564919866,255279.83156868,1.0,1.0,1.0,1.0
hectormine,san_jacinto,C,False,131.91495734174126,96.0,False,1.5,1d,1,113,1.2555555555555555,1.2555555555555555,0.7964601769911505,0.4316546762589928,972,1.0067589202089031,3.6501030927834974,509350.2277005911,1577153.2564919866,255279.83156868,1.0,1.0,1.0,1.0
hectormine,san_jacinto,C,False,131.91495734174126,96.0,False,2.5,5d,1,6,0.06666666666666667,0.3333333333333333,3.0,0.133492252681764,838,1.3251717256490527,9.0,509350.2277005911,1577153.2564919866,255279.83156868,1.0,1.0,0.9681397738951696,0.9414182939362795
hectormine,san_jacinto,C,False,131.91495734174126,96.0,False,2.5,1d,1,6,0.06666666666666667,0.06666666666666667,15.0,0.033373063170441,838,1.472011282273812,0.0,509350.2277005911,1577153.2564919866,255279.83156868,0.8890030832476875,0.9660842754367934,0.6217882836587872,0.4635149023638232
ridgecrest,long_valley,A,True,237.06747048801356,100.0,False,1.5,5d,14,56,0.6222222222222222,3.111111111111111,4.5,0.03494347379239465,972,1.159240479745277,3.4767857142857066,96475.52488377021,411593.3738018987,96475.52488377021,0.9979445015416238,0.9712230215827338,0.5878725590955807,0.8663926002055499
ridgecrest,long_valley,A,True,237.06747048801356,100.0,False,1.5,1d,3,56,0.6222222222222222,0.6222222222222222,4.821428571428571,0.03905447070914697,972,1.0270029431962853,4.057327001356848,96475.52488377021,411593.3738018987,96475.52488377021,0.9958890030832477,0.9804727646454265,0.6289825282631039,0.8129496402877698
ridgecrest,long_valley,A,True,237.06747048801356,100.0,False,2.5,5d,2,8,0.08888888888888889,0.4444444444444445,4.5,0.11099691675231244,972,1.412414470288863,6.637499999999986,96475.52488377021,411593.3738018987,96475.52488377021,0.9979445015416238,1.0,0.9331963001027749,0.8663926002055499
ridgecrest,long_valley,A,True,237.06747048801356,100.0,False,2.5,1d,0,8,0.08888888888888889,0.08888888888888889,0.0,1.0,972,1.018678553142595,6.923076923076923,96475.52488377021,411593.3738018987,96475.52488377021,1.0,1.0,1.0,1.0
ridgecrest,geysers,A,True,572.3907287667753,100.0,False,1.5,5d,6,301,3.3444444444444446,16.72222222222222,0.3588039867109635,0.9568345323741008,972,1.0239490539374494,1.8045251396648037,22332.375046765635,132016.97230265,22332.375046765635,1.0,1.0,1.0,1.0
ridgecrest,geysers,A,True,572.3907287667753,100.0,False,1.5,1d,2,301,3.3444444444444446,3.3444444444444446,0.5980066445182725,0.6115107913669064,972,1.0413385827543875,2.6364319450407887,22332.375046765635,132016.97230265,22332.375046765635,1.0,1.0,1.0,1.0
ridgecrest,geysers,A,True,572.3907287667753,100.0,False,2.5,5d,0,25,0.2777777777777778,1.3888888888888888,0.0,1.0,972,1.2227772737550422,4.909090909090909,22332.375046765635,132016.97230265,22332.375046765635,1.0,1.0,1.0,1.0
ridgecrest,geysers,A,True,572.3907287667753,100.0,False,2.5,1d,0,25,0.2777777777777778,0.2777777777777778,0.0,1.0,972,1.337818958969711,10.0,22332.375046765635,132016.97230265,22332.375046765635,1.0,1.0,1.0,1.0
ridgecrest,yellowstone,A,True,1138.79496462784,100.0,False,1.5,5d,2,29,0.32222222222222224,1.6111111111111112,1.2413793103448276,0.23741007194244604,972,1.5252409962724092,5.0986607142857086,7128.612699110122,54354.870593641564,7128.612699110122,1.0,1.0,0.9969167523124358,0.9969167523124358
ridgecrest,yellowstone,A,True,1138.79496462784,100.0,False,1.5,1d,1,29,0.32222222222222224,0.32222222222222224,3.103448275862069,0.09455292908530319,972,1.4992816220183447,5.204545454545424,7128.612699110122,54354.870593641564,7128.612699110122,1.0,1.0,0.9054470709146968,0.9136690647482014
ridgecrest,yellowstone,A,True,1138.79496462784,100.0,False,2.5,5d,0,0,0.0,0.0,,,910,1.9808535083537495,9.0,7128.612699110122,54354.870593641564,7128.612699110122,,,,
ridgecrest,yellowstone,A,True,1138.79496462784,100.0,False,2.5,1d,0,0,0.0,0.0,,,910,3.127489554173739,0.0,7128.612699110122,54354.870593641564,7128.612699110122,,,,
ridgecrest,salton_brawley,A,False,348.82259225498905,100.0,False,1.5,5d,3,44,0.4888888888888889,2.444444444444444,1.2272727272727273,0.23638232271325796,972,1.740153304085518,4.097368421052631,50813.717485929825,250088.23968650695,50813.717485929825,1.0,1.0,0.9969167523124358,0.9969167523124358
ridgecrest,salton_brawley,A,False,348.82259225498905,100.0,False,1.5,1d,0,44,0.4888888888888889,0.4888888888888889,0.0,1.0,972,1.0925307518993383,4.769757909568324,50813.717485929825,250088.23968650695,50813.717485929825,1.0,1.0,1.0,1.0
ridgecrest,salton_brawley,A,False,348.82259225498905,100.0,False,2.5,5d,1,3,0.03333333333333333,0.16666666666666666,6.0,0.07756813417190776,953,3.3425128122903573,10.8,50813.717485929825,250088.23968650695,50813.717485929825,0.9917780061664954,0.998972250770812,0.8663926002055499,0.7677286742034943
ridgecrest,salton_brawley,A,False,348.82259225498905,100.0,False,2.5,1d,0,3,0.03333333333333333,0.03333333333333333,0.0,1.0,953,0.9917460567776811,0.0,50813.717485929825,250088.23968650695,50813.717485929825,1.0,1.0,1.0,1.0
ridgecrest,lassen,B,True,626.8532763949203,100.0,False,1.5,5d,0,2,0.022222222222222223,0.11111111111111112,0.0,1.0,854,1.7791148547003348,9.0,19204.77480748964,117411.11143447438,19204.77480748964,1.0,1.0,1.0,1.0
ridgecrest,lassen,B,True,626.8532763949203,100.0,False,1.5,1d,0,2,0.022222222222222223,0.022222222222222223,0.0,1.0,854,1.9452839315251491,0.0,19204.77480748964,117411.11143447438,19204.77480748964,1.0,1.0,1.0,1.0
ridgecrest,lassen,B,True,626.8532763949203,100.0,False,2.5,5d,0,0,0.0,0.0,,,196,0.45918367346938777,0.0,19204.77480748964,117411.11143447438,19204.77480748964,,,,
ridgecrest,lassen,B,True,626.8532763949203,100.0,False,2.5,1d,0,0,0.0,0.0,,,196,1.836734693877551,0.0,19204.77480748964,117411.11143447438,19204.77480748964,,,,
ridgecrest,mono_west_nv_mina,B,True,296.8487933724162,100.0,False,1.5,5d,2,7,0.07777777777777778,0.3888888888888889,5.142857142857142,0.06874328678839957,930,2.174724463061819,7.739999999999956,66419.56627590278,307951.7588714753,66419.56627590278,0.9938335046248715,0.998972250770812,0.829393627954779,0.802672147995889
ridgecrest,mono_west_nv_mina,B,True,296.8487933724162,100.0,False,1.5,1d,1,7,0.07777777777777778,0.07777777777777778,12.857142857142858,0.02685284640171858,930,1.9803935252215883,3.103448275862069,66419.56627590278,307951.7588714753,66419.56627590278,0.9085303186022611,0.9331963001027749,0.4850976361767729,0.4686536485097636
ridgecrest,mono_west_nv_mina,B,True,296.8487933724162,100.0,False,2.5,5d,1,3,0.03333333333333333,0.16666666666666666,6.0,0.031073446327683617,353,0.46572237960339946,0.0,66419.56627590278,307951.7588714753,66419.56627590278,0.9917780061664954,0.9578622816032888,0.5436793422404933,0.7677286742034943
ridgecrest,mono_west_nv_mina,B,True,296.8487933724162,100.0,False,2.5,1d,0,3,0.03333333333333333,0.03333333333333333,0.0,1.0,353,0.8186968838526912,0.0,66419.56627590278,307951.7588714753,66419.56627590278,1.0,1.0,1.0,1.0
ridgecrest,little_skull_mtn,B,True,167.2405432769011,100.0,False,1.5,5d,1,5,0.05555555555555555,0.2777777777777778,3.5999999999999996,0.0847682119205298,754,0.9323986358469117,6.0,172170.05081099493,645568.8780248822,172170.05081099493,1.0,1.0,0.8828365878725591,0.9033915724563206
ridgecrest,little_skull_mtn,B,True,167.2405432769011,100.0,False,1.5,1d,0,5,0.05555555555555555,0.05555555555555555,0.0,1.0,754,0.9184350132625995,0.0,172170.05081099493,645568.8780248822,172170.05081099493,1.0,1.0,1.0,1.0
ridgecrest,little_skull_mtn,B,True,167.2405432769011,100.0,False,2.5,5d,0,0,0.0,0.0,,,101,0.7128712871287128,0.0,172170.05081099493,645568.8780248822,172170.05081099493,,,,
ridgecrest,little_skull_mtn,B,True,167.2405432769011,100.0,False,2.5,1d,0,0,0.0,0.0,,,101,0.8910891089108911,0.0,172170.05081099493,645568.8780248822,172170.05081099493,,,,
ridgecrest,cedar_city_ut,B,True,452.8752675808203,100.0,False,1.5,5d,1,3,0.03333333333333333,0.16666666666666666,6.0,0.07120743034055728,968,1.480805782117656,6.0,32944.28840513006,178583.28673292627,32944.28840513006,0.9917780061664954,0.998972250770812,0.8509763617677287,0.7677286742034943
ridgecrest,cedar_city_ut,B,True,452.8752675808203,100.0,False,1.5,1d,0,3,0.03333333333333333,0.03333333333333333,0.0,1.0,968,1.442396414136663,4.907894736842099,32944.28840513006,178583.28673292627,32944.28840513006,1.0,1.0,1.0,1.0
ridgecrest,cedar_city_ut,B,True,452.8752675808203,100.0,False,2.5,5d,0,0,0.0,0.0,,,431,0.7587006960556845,0.0,32944.28840513006,178583.28673292627,32944.28840513006,,,,
ridgecrest,cedar_city_ut,B,True,452.8752675808203,100.0,False,2.5,1d,0,0,0.0,0.0,,,431,0.7308584686774942,0.0,32944.28840513006,178583.28673292627,32944.28840513006,,,,
ridgecrest,smith_valley_nv,C,True,372.851983791387,100.0,False,1.5,5d,0,2,0.022222222222222223,0.11111111111111112,0.0,1.0,908,1.3445091252359975,9.0,45493.9968067121,229493.9174357176,45493.9968067121,1.0,1.0,1.0,1.0
ridgecrest,smith_valley_nv,C,True,372.851983791387,100.0,False,1.5,1d,0,2,0.022222222222222223,0.022222222222222223,0.0,1.0,908,1.302706104468219,0.0,45493.9968067121,229493.9174357176,45493.9968067121,1.0,1.0,1.0,1.0
ridgecrest,smith_valley_nv,C,True,372.851983791387,100.0,False,2.5,5d,0,0,0.0,0.0,,,88,0.4090909090909091,0.0,45493.9968067121,229493.9174357176,45493.9968067121,,,,
ridgecrest,smith_valley_nv,C,True,372.851983791387,100.0,False,2.5,1d,0,0,0.0,0.0,,,88,0.0,0.0,45493.9968067121,229493.9174357176,45493.9968067121,,,,
ridgecrest,parkfield,C,False,261.3958444456314,100.0,False,1.5,5d,1,14,0.15555555555555556,0.7777777777777778,1.2857142857142856,0.36793422404933196,972,1.1064957288847461,3.6,82033.0399976959,362859.012523937,82033.0399976959,1.0,1.0,1.0,0.9969167523124358
ridgecrest,parkfield,C,False,261.3958444456314,100.0,False,1.5,1d,1,14,0.15555555555555556,0.15555555555555556,6.428571428571429,0.08735868448098665,972,1.1258967478738409,8.181818181818182,82033.0399976959,362859.012523937,82033.0399976959,0.9886947584789312,1.0,0.8920863309352518,0.7122302158273381
ridgecrest,parkfield,C,False,261.3958444456314,100.0,False,2.5,5d,0,1,0.011111111111111112,0.05555555555555556,0.0,1.0,943,1.2251780033328283,9.0,82033.0399976959,362859.012523937,82033.0399976959,1.0,1.0,1.0,1.0
ridgecrest,parkfield,C,False,261.3958444456314,100.0,False,2.5,1d,0,1,0.011111111111111112,0.011111111111111112,0.0,1.0,943,1.0905165883956978,0.0,82033.0399976959,362859.012523937,82033.0399976959,1.0,1.0,1.0,1.0
ridgecrest,mendocino,C,False,789.9403681005164,100.0,False,1.5,5d,8,41,0.45555555555555555,2.2777777777777777,3.5121951219512195,0.022610483042137718,972,1.1499921396747672,2.7272727272727275,13082.72046332296,87127.76085911499,13082.72046332296,1.0,0.8879753340184995,0.4398766700924974,0.9033915724563206
ridgecrest,mendocino,C,False,789.9403681005164,100.0,False,1.5,1d,1,41,0.45555555555555555,0.45555555555555555,2.1951219512195124,0.18705035971223022,972,1.1869421402462264,4.5,13082.72046332296,87127.76085911499,13082.72046332296,1.0,1.0,0.986639260020555,0.9671120246659815
ridgecrest,mendocino,C,False,789.9403681005164,100.0,False,2.5,5d,2,12,0.13333333333333333,0.6666666666666666,3.0,0.12538540596094552,972,1.266429281679621,4.5,13082.72046332296,87127.76085911499,13082.72046332296,1.0,1.0,0.9486125385405961,0.9290853031860226
ridgecrest,mendocino,C,False,789.9403681005164,100.0,False,2.5,1d,0,12,0.13333333333333333,0.13333333333333333,0.0,1.0,972,1.3185760144826202,9.0,13082.72046332296,87127.76085911499,13082.72046332296,1.0,1.0,1.0,1.0
ridgecrest,wasatch_slc,C,False,740.7980867653287,100.0,False,1.5,5d,0,2,0.022222222222222223,0.11111111111111112,0.0,1.0,829,1.2607169316648068,6.0,14554.686617513378,94654.31158609425,14554.686617513378,1.0,1.0,1.0,1.0
ridgecrest,wasatch_slc,C,False,740.7980867653287,100.0,False,1.5,1d,0,2,0.022222222222222223,0.022222222222222223,0.0,1.0,829,1.3609932374072424,2.4659340659340416,14554.686617513378,94654.31158609425,14554.686617513378,1.0,1.0,1.0,1.0
ridgecrest,wasatch_slc,C,False,740.7980867653287,100.0,False,2.5,5d,0,0,0.0,0.0,,,370,0.23942564074909362,0.2634754797441366,14554.686617513378,94654.31158609425,14554.686617513378,,,,
ridgecrest,wasatch_slc,C,False,740.7980867653287,100.0,False,2.5,1d,0,0,0.0,0.0,,,370,0.2748754800531773,0.0,14554.686617513378,94654.31158609425,14554.686617513378,,,,
ridgecrest,san_jacinto,C,False,271.95000593318883,100.0,False,1.5,5d,2,67,0.7444444444444445,3.7222222222222223,0.5373134328358209,0.6474820143884892,972,1.0929308668396467,2.618181818181818,76816.18821567565,344796.0696881728,76816.18821567565,1.0,1.0,1.0,1.0
ridgecrest,san_jacinto,C,False,271.95000593318883,100.0,False,1.5,1d,1,67,0.7444444444444445,0.7444444444444445,1.3432835820895521,0.30832476875642345,972,1.085453120870109,3.8371522094926336,76816.18821567565,344796.0696881728,76816.18821567565,1.0,1.0,0.998972250770812,0.9958890030832477
ridgecrest,san_jacinto,C,False,271.95000593318883,100.0,False,2.5,5d,0,8,0.08888888888888889,0.4444444444444445,0.0,1.0,938,1.2576857034100977,6.0,76816.18821567565,344796.0696881728,76816.18821567565,1.0,1.0,1.0,1.0
ridgecrest,san_jacinto,C,False,271.95000593318883,100.0,False,2.5,1d,0,8,0.08888888888888889,0.08888888888888889,0.0,1.0,938,1.153074848857126,8.304545454545435,76816.18821567565,344796.0696881728,76816.18821567565,1.0,1.0,1.0,1.0
denali,long_valley,A,True,3452.2461708034125,680.0,False,1.5,5d,16,73,0.8111111111111111,4.055555555555555,3.945205479452055,0.010277492291880781,972,1.0266470718957754,2.5250624999999993,28408.98368657287,201326.96397473075,7136.014065527946,1.0,0.605344295991778,0.22199383350462487,0.868448098663926
denali,long_valley,A,True,3452.2461708034125,680.0,False,1.5,1d,1,73,0.8111111111111111,0.8111111111111111,1.2328767123287672,0.28365878725590954,972,1.0097700885625485,3.673469387755102,28408.98368657287,201326.96397473075,7136.014065527946,1.0,1.0,0.998972250770812,0.9979445015416238
denali,long_valley,A,True,3452.2461708034125,680.0,False,2.5,5d,1,9,0.1,0.5,2.0,0.22404933196300103,972,1.1960472487362916,6.0,28408.98368657287,201326.96397473075,7136.014065527946,1.0,1.0,0.9979445015416238,0.9825282631038027
denali,long_valley,A,True,3452.2461708034125,680.0,False,2.5,1d,0,9,0.1,0.1,0.0,1.0,972,1.168979924698879,8.549999999999944,28408.98368657287,201326.96397473075,7136.014065527946,1.0,1.0,1.0,1.0
denali,coso,A,True,3657.901445017407,680.0,False,1.5,5d,3,47,0.5222222222222223,2.611111111111111,1.1489361702127658,0.3062692702980473,972,1.10219478917652,3.0000000000000004,25807.117142838968,186846.05393054007,6482.454738747553,1.0,1.0,0.998972250770812,0.9979445015416238
denali,coso,A,True,3657.901445017407,680.0,False,1.5,1d,1,47,0.5222222222222223,0.5222222222222223,1.9148936170212765,0.1644398766700925,972,1.025466669016574,4.090909090909091,25807.117142838968,186846.05393054007,6482.454738747553,1.0,1.0,0.9917780061664954,0.9825282631038027
denali,coso,A,True,3657.901445017407,680.0,False,2.5,5d,0,4,0.044444444444444446,0.22222222222222224,0.0,1.0,833,1.4663667266566511,9.0,25807.117142838968,186846.05393054007,6482.454738747553,1.0,1.0,1.0,1.0
denali,coso,A,True,3657.901445017407,680.0,False,2.5,1d,0,4,0.044444444444444446,0.044444444444444446,0.0,1.0,833,1.1820724536463871,2.63376623376623,25807.117142838968,186846.05393054007,6482.454738747553,1.0,1.0,1.0,1.0
denali,geysers,A,True,3194.9534940979197,680.0,False,1.5,5d,21,216,2.4,12.0,1.75,0.04933196300102775,972,1.025072022082699,1.7326459684893418,32306.765203119903,222481.52491457676,8115.092515968279,1.0,0.9938335046248715,0.7697841726618705,0.9907502569373073
denali,geysers,A,True,3194.9534940979197,680.0,False,1.5,1d,13,216,2.4,2.4,5.416666666666667,0.003083247687564234,972,1.0075287431281588,2.5144780876494015,32306.765203119903,222481.52491457676,8115.092515968279,0.9928057553956835,0.14388489208633093,0.04316546762589928,0.7821171634121274
denali,geysers,A,True,3194.9534940979197,680.0,False,2.5,5d,4,14,0.15555555555555556,0.7777777777777778,5.142857142857142,0.020554984583761562,972,1.0877041821702569,3.767763157894734,32306.765203119903,222481.52491457676,8115.092515968279,0.9938335046248715,0.8591983556012333,0.42137718396711205,0.7944501541623844
denali,geysers,A,True,3194.9534940979197,680.0,False,2.5,1d,2,14,0.15555555555555556,0.15555555555555556,12.857142857142858,0.011305241521068859,972,1.004091115477421,6.666666666666667,32306.765203119903,222481.52491457676,8115.092515968279,0.9085303186022611,0.6515930113052415,0.24768756423432683,0.4779033915724563
denali,yellowstone,A,True,3109.551769115477,680.0,False,1.5,5d,73,56,0.6222222222222222,3.111111111111111,23.464285714285715,0.003083247687564234,972,1.1695873755284727,4.5,33792.963510206064,230395.00501115885,8488.408652178503,0.6197327852004111,0.14388489208633093,0.04316546762589928,0.2343268242548818
denali,yellowstone,A,True,3109.551769115477,680.0,False,1.5,1d,60,56,0.6222222222222222,0.6222222222222222,96.42857142857143,0.0010277492291880781,972,1.0998128385461328,6.306650246305404,33792.963510206064,230395.00501115885,8488.408652178503,0.08633093525179857,0.0010277492291880781,0.0010277492291880781,0.024665981500513873
denali,yellowstone,A,True,3109.551769115477,680.0,False,2.5,5d,6,2,0.022222222222222223,0.11111111111111112,53.99999999999999,0.0013531799729364006,738,0.75866613061735,1.3846153846153848,33792.963510206064,230395.00501115885,8488.408652178503,0.31449126413155193,0.0010277492291880781,0.0010277492291880781,0.09969167523124357
denali,yellowstone,A,True,3109.551769115477,680.0,False,2.5,1d,6,2,0.022222222222222223,0.022222222222222223,270.0,0.0013531799729364006,738,1.47212543554007,0.0,33792.963510206064,230395.00501115885,8488.408652178503,0.022610483042137718,0.0010277492291880781,0.0010277492291880781,0.008221993833504625
denali,salton_brawley,A,False,4034.1263006289187,680.0,False,1.5,5d,1,72,0.8,4.0,0.25,0.7019527235354573,972,1.403925496162373,4.400999999999988,21936.15257901826,164678.29693508527,5510.11240227599,1.0,1.0,1.0,1.0
denali,salton_brawley,A,False,4034.1263006289187,680.0,False,1.5,1d,0,72,0.8,0.8,0.0,1.0,972,1.1631538734176468,5.625,21936.15257901826,164678.29693508527,5510.11240227599,1.0,1.0,1.0,1.0
denali,salton_brawley,A,False,4034.1263006289187,680.0,False,2.5,5d,0,14,0.15555555555555556,0.7777777777777778,0.0,1.0,916,1.7728134045283876,9.0,21936.15257901826,164678.29693508527,5510.11240227599,1.0,1.0,1.0,1.0
denali,salton_brawley,A,False,4034.1263006289187,680.0,False,2.5,1d,0,14,0.15555555555555556,0.15555555555555556,0.0,1.0,916,1.4417972458407928,0.0,21936.15257901826,164678.29693508527,5510.11240227599,1.0,1.0,1.0,1.0
denali,lassen,B,True,3068.807256316969,680.0,False,1.5,5d,1,0,0.0,0.0,,,885,1.131285651867833,9.0,34541.01193001028,234348.62535586153,8676.309919760346,,,,
denali,lassen,B,True,3068.807256316969,680.0,False,1.5,1d,0,0,0.0,0.0,,,885,0.9867920215377843,0.0,34541.01193001028,234348.62535586153,8676.309919760346,,,,
denali,lassen,B,True,3068.807256316969,680.0,False,2.5,5d,0,0,0.0,0.0,,,244,0.19672131147540983,0.0,34541.01193001028,234348.62535586153,8676.309919760346,,,,
denali,lassen,B,True,3068.807256316969,680.0,False,2.5,1d,0,0,0.0,0.0,,,244,0.0,0.0,34541.01193001028,234348.62535586153,8676.309919760346,,,,
denali,mono_west_nv_mina,B,True,3402.435969972006,680.0,False,1.5,5d,1,6,0.06666666666666667,0.3333333333333333,3.0,0.15729166666666666,959,1.9546654122885394,6.0,29102.699700346537,205137.07591292806,7310.267649759845,1.0,1.0,0.9897225077081192,0.9373072970195272
denali,mono_west_nv_mina,B,True,3402.435969972006,680.0,False,1.5,1d,0,6,0.06666666666666667,0.06666666666666667,0.0,1.0,959,1.4316050989067313,11.25,29102.699700346537,205137.07591292806,7310.267649759845,1.0,1.0,1.0,1.0
denali,mono_west_nv_mina,B,True,3402.435969972006,680.0,False,2.5,5d,1,1,0.011111111111111112,0.05555555555555556,18.0,0.020634920634920634,629,0.5606301488654429,0.0,29102.699700346537,205137.07591292806,7310.267649759845,0.8571428571428571,0.8591983556012333,0.4265159301130524,0.42034943473792397
denali,mono_west_nv_mina,B,True,3402.435969972006,680.0,False,2.5,1d,0,1,0.011111111111111112,0.011111111111111112,0.0,1.0,629,0.5138025726261021,0.0,29102.699700346537,205137.07591292806,7310.267649759845,1.0,1.0,1.0,1.0
denali,little_skull_mtn,B,True,3634.879845139867,680.0,False,1.5,5d,0,13,0.14444444444444443,0.7222222222222221,0.0,1.0,787,1.5013492475789993,9.0,26079.010833656306,188374.03207772956,6550.751346025266,1.0,1.0,1.0,1.0
denali,little_skull_mtn,B,True,3634.879845139867,680.0,False,1.5,1d,0,13,0.14444444444444443,0.14444444444444443,0.0,1.0,787,1.4364763198860035,0.0,26079.010833656306,188374.03207772956,6550.751346025266,1.0,1.0,1.0,1.0
denali,little_skull_mtn,B,True,3634.879845139867,680.0,False,2.5,5d,0,0,0.0,0.0,,,366,0.7622950819672131,0.0,26079.010833656306,188374.03207772956,6550.751346025266,,,,
denali,little_skull_mtn,B,True,3634.879845139867,680.0,False,2.5,1d,0,0,0.0,0.0,,,366,0.36885245901639346,0.0,26079.010833656306,188374.03207772956,6550.751346025266,,,,
denali,cedar_city_ut,B,True,3674.26910382603,680.0,False,1.5,5d,1,4,0.044444444444444446,0.22222222222222224,4.5,0.1050767414403778,846,1.548625374544945,9.0,25616.56055840087,185773.03265460863,6434.589088859066,0.9979445015416238,1.0,0.935251798561151,0.8468653648509764
denali,cedar_city_ut,B,True,3674.26910382603,680.0,False,1.5,1d,1,4,0.044444444444444446,0.044444444444444446,22.5,0.025974025974025976,846,1.8950139694820547,0.0,25616.56055840087,185773.03265460863,6434.589088859066,0.6855087358684481,0.9270298047276464,0.5025693730729702,0.2620760534429599
denali,cedar_city_ut,B,True,3674.26910382603,680.0,False,2.5,5d,0,0,0.0,0.0,,,202,0.0891089108910891,0.0,25616.56055840087,185773.03265460863,6434.589088859066,,,,
denali,cedar_city_ut,B,True,3674.26910382603,680.0,False,2.5,1d,0,0,0.0,0.0,,,202,0.0,0.0,25616.56055840087,185773.03265460863,6434.589088859066,,,,
denali,smith_valley_nv,C,True,3315.994211454072,680.0,False,1.5,5d,1,4,0.044444444444444446,0.22222222222222224,4.5,0.11512415349887133,885,2.000988233621837,9.0,30372.86539513272,212061.3174265464,7629.318847210078,0.9979445015416238,1.0,0.9496402877697842,0.8468653648509764
denali,smith_valley_nv,C,True,3315.994211454072,680.0,False,1.5,1d,0,4,0.044444444444444446,0.044444444444444446,0.0,1.0,885,1.8674208952927958,1.6918238993710677,30372.86539513272,212061.3174265464,7629.318847210078,1.0,1.0,1.0,1.0
denali,smith_valley_nv,C,True,3315.994211454072,680.0,False,2.5,5d,0,0,0.0,0.0,,,461,1.8480632166098545,1.7999999999999998,30372.86539513272,212061.3174265464,7629.318847210078,,,,
denali,smith_valley_nv,C,True,3315.994211454072,680.0,False,2.5,1d,0,0,0.0,0.0,,,461,2.7685156492097924,0.0,30372.86539513272,212061.3174265464,7629.318847210078,,,,
denali,parkfield,C,False,3572.553855061882,680.0,False,1.5,5d,0,26,0.28888888888888886,1.4444444444444442,0.0,1.0,972,2.1774680319120647,3.3749999999999996,26838.59836687132,192624.08047423983,6741.551107847928,1.0,1.0,1.0,1.0
denali,parkfield,C,False,3572.553855061882,680.0,False,1.5,1d,0,26,0.28888888888888886,0.28888888888888886,0.0,1.0,972,2.437335462564793,6.428571428571429,26838.59836687132,192624.08047423983,6741.551107847928,1.0,1.0,1.0,1.0
denali,parkfield,C,False,3572.553855061882,680.0,False,2.5,5d,0,3,0.03333333333333333,0.16666666666666666,0.0,1.0,844,1.1350757494461237,6.0,26838.59836687132,192624.08047423983,6741.551107847928,1.0,1.0,1.0,1.0
denali,parkfield,C,False,3572.553855061882,680.0,False,2.5,1d,0,3,0.03333333333333333,0.03333333333333333,0.0,1.0,844,0.9522620982421219,0.0,26838.59836687132,192624.08047423983,6741.551107847928,1.0,1.0,1.0,1.0
denali,mendocino,C,False,2974.6001432129274,680.0,False,1.5,5d,6,49,0.5444444444444444,2.722222222222222,2.2040816326530615,0.11819116135662898,972,1.0990685225309462,2.966326530612241,36375.84967080915,243966.5717357209,9137.200322273782,1.0,1.0,0.9496402877697842,0.9691675231243576
denali,mendocino,C,False,2974.6001432129274,680.0,False,1.5,1d,1,49,0.5444444444444444,0.5444444444444444,1.8367346938775513,0.2517985611510791,972,1.0946737294972677,5.238122171945695,36375.84967080915,243966.5717357209,9137.200322273782,1.0,1.0,0.998972250770812,0.986639260020555
denali,mendocino,C,False,2974.6001432129274,680.0,False,2.5,5d,2,7,0.07777777777777778,0.3888888888888889,5.142857142857142,0.044193216855087356,972,1.324195999274832,4.5,36375.84967080915,243966.5717357209,9137.200322273782,0.9938335046248715,0.9897225077081192,0.7420349434737924,0.7944501541623844
denali,mendocino,C,False,2974.6001432129274,680.0,False,2.5,1d,0,7,0.07777777777777778,0.07777777777777778,0.0,1.0,972,1.0890501639340648,9.0,36375.84967080915,243966.5717357209,9137.200322273782,1.0,1.0,1.0,1.0
denali,wasatch_slc,C,False,3427.3634529542646,680.0,False,1.5,5d,2,35,0.3888888888888889,1.9444444444444444,1.0285714285714287,0.16136363636363638,879,1.7226216244982318,9.0,28752.17779822162,203214.457490961,7222.2205287703955,1.0,1.0,0.9907502569373073,0.998972250770812
denali,wasatch_slc,C,False,3427.3634529542646,680.0,False,1.5,1d,2,35,0.3888888888888889,0.3888888888888889,5.142857142857142,0.03977272727272727,879,1.3153820765696842,1.8156521739130291,28752.17779822162,203214.457490961,7222.2205287703955,0.9938335046248715,0.9804727646454265,0.7050359712230215,0.7944501541623844
denali,wasatch_slc,C,False,3427.3634529542646,680.0,False,2.5,5d,1,1,0.011111111111111112,0.05555555555555556,18.0,0.006535947712418301,152,0.0,0.0,28752.17779822162,203214.457490961,7222.2205287703955,0.8571428571428571,0.3926002055498458,0.12435765673175746,0.42034943473792397
denali,wasatch_slc,C,False,3427.3634529542646,680.0,False,2.5,1d,1,1,0.011111111111111112,0.011111111111111112,90.0,0.006535947712418301,152,0.0,0.0,28752.17779822162,203214.457490961,7222.2205287703955,0.24357656731757452,0.3926002055498458,0.12435765673175746,0.07913669064748201
denali,san_jacinto,C,False,3959.8268260181962,680.0,False,1.5,5d,4,63,0.7,3.5,1.1428571428571428,0.3442959917780062,972,1.078068495514151,2.379605993340732,22623.621804657356,168675.07844441492,5682.796864272314,1.0,1.0,0.998972250770812,0.9979445015416238
denali,san_jacinto,C,False,3959.8268260181962,680.0,False,1.5,1d,0,63,0.7,0.7,0.0,1.0,972,1.1070797606672858,4.200763081395347,22623.621804657356,168675.07844441492,5682.796864272314,1.0,1.0,1.0,1.0
denali,san_jacinto,C,False,3959.8268260181962,680.0,False,2.5,5d,0,5,0.05555555555555555,0.2777777777777778,0.0,1.0,821,1.2415349571257002,9.0,22623.621804657356,168675.07844441492,5682.796864272314,1.0,1.0,1.0,1.0
denali,san_jacinto,C,False,3959.8268260181962,680.0,False,2.5,1d,0,5,0.05555555555555555,0.05555555555555555,0.0,1.0,821,1.2939557397535473,0.0,22623.621804657356,168675.07844441492,5682.796864272314,1.0,1.0,1.0,1.0
