time,latitude,longitude,depth,mag,magType,nst,gap,dmin,rms,net,id,updated,place,type,horizontalError,depthError,magError,magNst,status,locationSource,magSource
2025-07-20T22:28:00.041Z,54.6051,-159.8382,40,6.2,mww,144,36,0.268,0.64,us,us7000qe51,2025-11-04T22:22:54.921Z,"91 km SSE of Sand Point, Alaska",earthquake,5.89,1.83,0.046,45,reviewed,us,us
2025-07-16T20:37:41.667Z,54.5652,-160.4689,38,7.3,mww,180,21,0.576,0.75,us,us7000qd1y,2026-07-16T20:47:54.969Z,"2025 Sand Point, Alaska Earthquake",earthquake,5.86,1.827,0.025,153,reviewed,us,us
2023-07-16T06:48:21.158Z,54.3926,-160.762,25,7.2,mww,410,62,0.973,0.69,us,us7000kg30,2025-07-17T17:39:01.364Z,"2023 Sand Point, Alaska Earthquake",earthquake,4.17,1.864,0.025,156,reviewed,us,us
2021-10-11T09:10:25.147Z,56.2954,-156.581,51.6,6.9,mww,,,,0.65,ak,ak021d1u1nos,2025-12-22T22:17:38.209Z,"112 km E of Chignik, Alaska",earthquake,,0.7,,,reviewed,ak,ak
2021-08-14T11:57:43.447Z,55.1767,-157.6441,20.74,6.9,mww,,36,1.173,0.57,us,us6000f652,2025-12-22T22:13:40.974Z,"125 km SE of Perryville, Alaska",earthquake,4.8,2.1,0.024,162,reviewed,us,us
2021-07-29T06:15:49.188Z,55.3635,-157.8876,35,8.2,mww,,,,0.95,ak,ak0219neiszm,2026-04-15T18:42:11.216Z,"2021 Chignik, Alaska Earthquake",earthquake,,0,,,reviewed,ak,ak
2020-10-19T20:54:38.950Z,54.602,-159.6258,28.37,7.6,mww,,36,0.23,0.91,us,us6000c9hg,2025-12-22T18:43:54.103Z,"2020 Sand Point, Alaska Earthquake",earthquake,5.1,3,0.021,213,reviewed,us,us
2020-07-28T08:03:43.215Z,54.7905,-161.2041,35.15,6.1,mww,,37,0.523,1.29,us,us6000b56k,2025-12-22T18:39:00.507Z,"75 km SW of Sand Point, Alaska",earthquake,2.6,3.2,0.024,163,reviewed,us,us
2020-07-22T06:16:18.627Z,54.969,-159.0413,16.53,6.1,mb,,145,0.345,0.73,us,us7000asx4,2025-12-22T18:38:34.404Z,"101 km ESE of Sand Point, Alaska",earthquake,3.6,2.5,0.101,37,reviewed,us,us
2020-07-22T06:12:44.810Z,55.0715,-158.596,28,7.8,mww,,60,0.621,0.97,us,us7000asvb,2025-12-22T18:38:32.040Z,"2020 Perryville, Alaska Earthquake",earthquake,5.4,1.9,0.019,261,reviewed,us,us
2018-12-31T02:35:37.670Z,54.4266,-161.5131,31,6,mww,,44,0.92,1.14,us,us2000izcv,2023-08-18T13:57:18.062Z,"87 km SE of King Cove, Alaska",earthquake,4.2,1.8,0.033,89,reviewed,us,us
2016-04-02T05:50:00.932Z,57.008,-157.9322,11.4,6.2,mw,,,,0.9,ak,ak01649w95tp,2023-07-31T20:16:28.189Z,"42 km E of Port Heiden, Alaska",earthquake,,0.3,,,reviewed,ak,ak
2015-05-29T07:00:09.634Z,56.594,-156.4301,72.6,6.8,mw,,,,0.85,ak,ak0156uj8rk3,2023-07-26T18:35:56.724Z,"117 km SSE of Ugashik, Alaska",earthquake,,0.8,,,reviewed,ak,ak
2011-07-16T19:59:12.890Z,54.787,-161.29,36,6.1,mww,720,47.6,,1.36,us,usp000j51f,2022-04-08T21:55:19.902Z,"72 km ESE of King Cove, Alaska",earthquake,,,,,reviewed,us,us
2008-05-25T19:18:24.384Z,55.9055,-153.5083,20,6,mw,,,,0.73,ak,ak0086prvtd2,2024-01-17T21:27:14.565Z,"122 km SSE of Akhiok, Alaska",earthquake,,3.3,,,reviewed,ak,ak
2007-10-02T18:00:06.870Z,54.511,-161.708,32,6.3,mwc,583,39.4,,1.02,us,usp000fpqs,2025-05-13T11:03:02.470Z,"72 km SSE of King Cove, Alaska",earthquake,,,,,reviewed,us,gcmt
2005-11-20T12:53:02.950Z,53.843,-164.093,30,6.2,mwc,616,41.9,,1.04,us,usp000e4j8,2022-07-12T19:51:37.573Z,"115 km ESE of Akutan, Alaska",earthquake,,,,,reviewed,us,hrv
2003-02-19T03:32:36.360Z,53.645,-164.643,19,6.6,mwc,542,,,1.1,us,usp000br01,2022-05-02T16:26:04.186Z,"92 km SE of Akutan, Alaska",earthquake,,,,,reviewed,us,hrv
2002-05-25T05:36:31.970Z,53.815,-161.116,33,6.4,mwb,307,,,1.29,us,usp000b4xj,2022-05-02T15:58:59.583Z,"159 km SSE of King Cove, Alaska",earthquake,,4.8,,,reviewed,us,us
2001-01-10T16:02:42.638Z,56.7744,-153.281,36.4,6.9,mw,,,,1.66,ak,ak001gswxc7,2022-07-12T20:24:06.845Z,"47 km S of Old Harbor, Alaska",earthquake,,0.3,,,reviewed,ak,ak
2000-07-11T01:32:28.758Z,57.3546,-154.198,42.9,6.5,mw,,,,0.91,ak,ak0008v7ic1n,2022-04-29T18:44:04.417Z,"24 km SSW of Larsen Bay, Alaska",earthquake,,0.9,,,reviewed,ak,ak
1999-12-07T00:19:51.303Z,57.2026,-154.2573,43.9,6.4,mw,,,,0.92,ak,ak999fnydiyi,2022-04-29T18:19:56.321Z,"29 km N of Akhiok, Alaska",earthquake,,0.1,,,reviewed,ak,ak
1999-12-06T23:12:33.537Z,57.3424,-154.3469,43.6,7,mw,,,,1.08,ak,ak999fmohlzt,2022-04-29T18:19:49.547Z,"26 km SSE of Karluk, Alaska",earthquake,,2.9,,,reviewed,ak,ak
1999-10-13T01:33:40.130Z,54.657,-161.189,30,6.4,mwc,,,,1.04,us,usp0009fs9,2022-04-29T18:08:17.944Z,"85 km ESE of King Cove, Alaska",earthquake,,,,,reviewed,us,hrv
1999-05-07T14:13:51.470Z,56.1745,-152.3248,10,6.2,mw,,,,0.88,ak,ak9995u9o1gr,2022-04-29T18:24:03.028Z,"129 km SSE of Old Harbor, Alaska",earthquake,,49.3,,,reviewed,ak,ak
1995-07-08T17:15:25.760Z,53.578,-163.74,21.1,6,mwb,,,,1.2,us,usp00070bg,2022-04-29T20:01:44.524Z,"143 km S of False Pass, Alaska",earthquake,,,,,reviewed,us,us
1995-03-14T17:33:50.750Z,54.776,-161.339,35.1,6.2,mwb,,,,1,us,usp0006u6k,2022-04-29T17:29:38.639Z,"70 km ESE of King Cove, Alaska",earthquake,,,,,reviewed,us,us
1993-11-19T01:43:23.780Z,54.287,-164.164,30.3,6.5,mw,,,,1.2,us,usp00063vy,2022-04-28T17:56:18.749Z,"79 km SW of False Pass, Alaska",earthquake,,,,,reviewed,us,hrv
1993-05-25T23:16:43.440Z,55.021,-160.513,36.8,6.2,mwb,,,,0.9,us,usp0005tg0,2022-04-28T18:14:02.614Z,"35 km S of Sand Point, Alaska",earthquake,,,,,reviewed,us,us
1993-05-13T11:59:49.250Z,55.177,-160.458,32.3,6.9,mw,,,,,us,usp0005sqc,2022-04-28T18:11:45.526Z,"17 km S of Sand Point, Alaska",earthquake,,,,,reviewed,spe,hrv
1992-02-13T02:38:18.400Z,53.597,-165.734,44.2,6,mw,,,,0.9,us,usp0005302,2022-04-28T18:55:01.218Z,"59 km S of Akutan, Alaska",earthquake,,,,,reviewed,us,hrv
1991-05-30T13:17:41.970Z,54.567,-161.606,28.4,7,mw,,,,1.1,us,usp0004s9h,2022-04-28T19:15:22.082Z,"71 km SE of King Cove, Alaska",earthquake,,,,,reviewed,us,hrv
1990-05-29T18:30:56.410Z,55.6505,-153.2433,10,6.1,mw,,,,0.22,ak,ak9906upz2ax,2022-05-12T17:17:18.329Z,"155 km SSE of Akhiok, Alaska",earthquake,,52.8,,,reviewed,ak,ak
1989-09-04T13:14:58.520Z,55.3217,-156.4293,11,7,mw,,,,0.24,ak,ak989bcpkhdo,2022-04-28T20:10:34.930Z,"164 km SE of Chignik, Alaska",earthquake,,39.3,,,reviewed,ak,ak
1989-05-19T02:21:56.380Z,54.305,-165.574,104,6.3,mw,,,,1,us,usp0003vck,2022-04-28T20:17:40.713Z,"23 km NE of Akutan, Alaska",earthquake,,,,,reviewed,us,nc
1989-02-22T10:25:45.270Z,56.152,-153.642,33,6,mw,,,,0.9,us,usp0003s6f,2022-04-28T20:26:26.566Z,"94 km SSE of Akhiok, Alaska",earthquake,,,,,reviewed,us,hrv
1988-05-22T09:39:55.980Z,53.619,-163.267,33,6,mw,,,,1,us,usp0003g7y,2022-04-28T20:48:02.944Z,"137 km S of False Pass, Alaska",earthquake,,,,,reviewed,us,hrv
1987-06-21T05:46:10.010Z,54.211,-162.601,33.6,6.5,mw,,,,1.1,us,usp00035yn,2022-04-27T21:43:44.984Z,"88 km SE of False Pass, Alaska",earthquake,,,,,reviewed,us,hrv
1986-09-12T23:57:15.610Z,56.201,-153.405,31.3,6.5,mw,,,,1.1,us,usp0002y12,2022-04-27T22:05:20.464Z,"95 km SSE of Akhiok, Alaska",earthquake,,,,,reviewed,us,nc
1986-06-19T09:09:09.210Z,56.331,-152.914,16.7,6.8,mw,,,,0.9,us,usp0002v6r,2022-04-27T22:14:27.595Z,"100 km SSE of Old Harbor, Alaska",earthquake,,,,,reviewed,us,nc
1985-11-14T22:17:44.570Z,54.756,-159.787,33,6.1,mw,,,,0.8,us,usp0002msj,2022-04-27T22:31:43.433Z,"79 km SE of Sand Point, Alaska",earthquake,,,,,reviewed,us,hrv
1985-10-09T09:33:32.480Z,54.765,-159.613,30.2,6.6,mw,,,,1,us,usp0002kmh,2022-04-27T22:33:10.065Z,"85 km SE of Sand Point, Alaska",earthquake,,,,,reviewed,us,nc
1985-01-02T05:32:49.140Z,55.428,-157.835,33.3,6,mw,,,,1,us,usp0002an3,2022-04-27T22:56:15.853Z,"98 km ESE of Perryville, Alaska",earthquake,,,,,reviewed,us,hrv
1983-02-14T03:20:04.470Z,54.931,-159.189,47,6.5,mw,,,,1.3,us,usp0001t1b,2025-12-19T21:33:19.222Z,"94 km ESE of Sand Point, Alaska",earthquake,,,,,reviewed,us,nc
1982-01-25T05:29:33.520Z,53.222,-165.719,60,6.1,mb,,,,1,us,usp0001ja0,2025-12-19T21:42:40.359Z,"90 km SE of Unalaska, Alaska",earthquake,,,,114,reviewed,us,us
1979-05-20T08:14:00.100Z,56.647,-156.725,71,6.4,mb,,,,,us,usp00010rm,2025-12-19T22:06:09.899Z,"104 km SSE of Ugashik, Alaska",earthquake,,,,,reviewed,us,us
1979-02-13T05:34:25.900Z,55.453,-157.162,33,6.7,ms,,,,,us,usp0000yu0,2025-12-19T22:08:10.474Z,"121 km SE of Chignik, Alaska",earthquake,,,,,reviewed,us,us
1979-01-27T18:57:55.000Z,54.768,-161.25,17,6,ms,,,,,us,usp0000ymc,2025-12-19T22:09:00.853Z,"75 km ESE of King Cove, Alaska",earthquake,,,,,reviewed,us,us
1978-04-12T03:42:03.500Z,56.423,-152.691,14,6.6,ms,,,,,us,usp0000u1x,2025-12-19T20:02:23.250Z,"94 km SSE of Old Harbor, Alaska",earthquake,,,,,reviewed,us,us
1975-08-02T10:18:17.900Z,53.387,-161.485,33,6.2,mb,,,,,us,usp0000c9r,2025-12-19T20:27:24.154Z,"194 km SSE of King Cove, Alaska",earthquake,,,,,reviewed,us,us
1974-08-01T07:59:56.900Z,56.632,-152.265,33,6,ms,,,,,us,usp00007ee,2022-04-27T18:09:38.028Z,"89 km SE of Old Harbor, Alaska",earthquake,,,,,reviewed,us,us
1974-08-01T05:55:38.200Z,56.67,-152.105,33,6.3,ms,,,,,us,usp00007e3,2025-12-19T19:27:37.119Z,"94 km SE of Old Harbor, Alaska",earthquake,,,,,reviewed,us,us
1974-08-01T05:07:59.000Z,56.516,-152.315,10,6.1,ms,,,,,us,usp00007e2,2025-12-19T19:27:36.291Z,"97 km SE of Old Harbor, Alaska",earthquake,,,,,reviewed,us,us
1974-04-06T03:56:01.800Z,55.12,-160.443,40,6,mb,,,,,us,usp00005w2,2025-12-19T19:30:40.931Z,"24 km S of Sand Point, Alaska",earthquake,,,,,reviewed,us,us
1974-02-06T04:04:07.200Z,53.799,-164.672,2,6.5,ms,,,,,us,usp000056v,2025-12-19T19:31:57.968Z,"81 km ESE of Akutan, Alaska",earthquake,,,,,reviewed,us,us
1973-05-29T06:14:22.300Z,54.011,-163.76,30,6,mb,,,,,us,usp00001yv,2025-12-19T19:40:01.342Z,"96 km SSW of False Pass, Alaska",earthquake,,,,,reviewed,us,us
1972-03-24T03:38:28.600Z,56.132,-157.19,69.6,6.36,mw,,,,,iscgem,iscgem775639,2025-12-19T19:49:12.167Z,"77 km ESE of Chignik, Alaska",earthquake,,5.1,0.4,,reviewed,iscgem,iscgem
1967-07-01T23:10:07.680Z,54.378,-158.087,20,6.45,mw,,,,,iscgem,iscgem832864,2025-12-19T18:26:44.467Z,"183 km SSE of Perryville, Alaska",earthquake,,4.9,0.2,,reviewed,iscgem,iscgem
1966-05-19T07:06:28.440Z,53.931,-164.187,30.1,6,mw,,,,,iscgem,iscgem847580,2025-12-19T18:20:40.764Z,"106 km ESE of Akutan, Alaska",earthquake,,4,0.4,,reviewed,iscgem,iscgem
1966-04-16T01:27:17.420Z,56.834,-153.611,35,6.12,mw,,,,,iscgem,iscgem848441,2025-12-19T18:20:23.356Z,"36 km ESE of Akhiok, Alaska",earthquake,,4.6,0.2,,reviewed,iscgem,iscgem
1966-01-22T14:27:08.400Z,55.829,-153.882,26.7,6.19,mw,,,,,iscgem,iscgem851097,2025-12-19T18:21:22.937Z,"125 km S of Akhiok, Alaska",earthquake,,3.8,0.2,,reviewed,iscgem,iscgem
1965-06-23T11:09:16.470Z,56.536,-152.983,21.6,6.22,mw,,,,,iscgem,iscgem856357,2025-12-19T18:18:26.415Z,"76 km SSE of Old Harbor, Alaska",earthquake,,3.9,0.2,,reviewed,iscgem,iscgem
1965-02-06T16:50:29.190Z,53.195,-161.818,23.3,6.3,mw,,,,,iscgem,iscgem859712,2025-12-19T18:14:52.560Z,"210 km S of King Cove, Alaska",earthquake,,4.7,0.2,,reviewed,iscgem,iscgem
1965-02-06T01:40:33.170Z,52.998,-162.013,21.7,6.29,mw,,,,,iscgem,iscgem859637,2025-12-19T18:15:18.156Z,"226 km SSE of False Pass, Alaska",earthquake,,4.7,0.22,,reviewed,iscgem,iscgem
1964-05-12T18:16:46.920Z,56.471,-152.417,24.2,6.16,mw,,,,,iscgem,iscgem867687,2025-12-19T18:11:35.558Z,"97 km SSE of Old Harbor, Alaska",earthquake,,4.6,0.23,,reviewed,iscgem,iscgem
1964-04-17T04:49:30.370Z,56.336,-152.937,10,6.1,mw,,,,,iscgem,iscgem868842,2025-12-19T18:00:50.543Z,"99 km SSE of Old Harbor, Alaska",earthquake,,3.9,0.3,,reviewed,iscgem,iscgem
1964-04-16T19:26:58.350Z,56.363,-153,22.5,6.36,mw,,,,,iscgem,iscgem868825,2025-12-19T18:00:49.124Z,"95 km S of Old Harbor, Alaska",earthquake,,4,0.2,,reviewed,iscgem,iscgem
1964-04-15T15:30:47.810Z,56.455,-154.262,28.9,6.19,mw,,,,,iscgem,iscgem868783,2025-12-19T18:00:45.022Z,"54 km S of Akhiok, Alaska",earthquake,,3.9,0.2,,reviewed,iscgem,iscgem
1964-04-12T01:24:31.290Z,56.491,-152.343,10,6.26,mw,,,,,iscgem,iscgem868644,2025-12-19T17:33:02.199Z,"98 km SE of Old Harbor, Alaska",earthquake,,3.7,0.21,,reviewed,iscgem,iscgem
1964-04-05T01:41:45.740Z,56.174,-153.506,27.6,6.07,mw,,,,,iscgem,iscgem868379,2025-12-19T17:32:51.807Z,"95 km SSE of Akhiok, Alaska",earthquake,,4.6,0.27,,reviewed,iscgem,iscgem
1964-04-05T01:22:15.190Z,56.208,-153.371,22.5,6.31,mw,,,,,iscgem,iscgem868377,2025-12-19T17:32:50.642Z,"95 km SSE of Akhiok, Alaska",earthquake,,4.5,0.26,,reviewed,iscgem,iscgem
1964-04-04T17:59:44.680Z,56.338,-154.493,22.6,6.49,mw,,,,,iscgem,iscgem868364,2025-12-19T17:32:47.025Z,"70 km SSW of Akhiok, Alaska",earthquake,,4.5,0.2,,reviewed,iscgem,iscgem
1964-04-04T17:46:10.120Z,56.259,-154.442,19.9,6.3,mw,,,,,iscgem,iscgem868363,2025-12-19T17:32:45.826Z,"78 km SSW of Akhiok, Alaska",earthquake,,3.9,0.2,,reviewed,iscgem,iscgem
1964-04-04T08:40:31.680Z,56.392,-152.82,14.9,6.1,mw,,,,,iscgem,iscgem868350,2025-12-19T17:32:43.432Z,"95 km SSE of Old Harbor, Alaska",earthquake,,3.6,0.26,,reviewed,iscgem,iscgem
1964-03-30T16:09:28.980Z,56.598,-152.207,15.4,6.03,mw,,,,,iscgem,iscgem870186,2025-12-19T17:32:31.599Z,"94 km SE of Old Harbor, Alaska",earthquake,,3.7,0.2,,reviewed,iscgem,iscgem
1964-03-30T02:18:07.870Z,56.455,-153.008,21.2,6.5,mw,,,,,iscgem,iscgem870136,2025-12-19T17:32:25.332Z,"85 km SSE of Old Harbor, Alaska",earthquake,,3.9,0.2,,reviewed,iscgem,iscgem
1964-03-29T06:04:45.360Z,56.148,-154.374,21.9,6.16,mw,,,,,iscgem,iscgem870039,2025-12-19T17:32:19.897Z,"89 km S of Akhiok, Alaska",earthquake,,3.9,0.2,,reviewed,iscgem,iscgem
1964-03-28T14:46:31.260Z,56.259,-154.214,25,6.54,mw,,,,,iscgem,iscgem869937,2022-04-27T00:14:34.438Z,"76 km S of Akhiok, Alaska",earthquake,,2.1,0.51,,reviewed,iscgem,iscgem
1964-03-28T12:20:50.520Z,56.336,-154.155,20.9,6.54,mw,,,,,iscgem,iscgem869910,2025-12-19T17:32:12.270Z,"67 km S of Akhiok, Alaska",earthquake,,4.6,0.29,,reviewed,iscgem,iscgem
1964-03-28T10:35:39.110Z,57.042,-152.475,24.6,6.16,mw,,,,,iscgem,iscgem869892,2025-12-19T17:32:11.375Z,"53 km ESE of Old Harbor, Alaska",earthquake,,4.7,0.25,,reviewed,iscgem,iscgem
1964-02-06T13:07:27.160Z,55.722,-155.847,25.7,6.9,mw,,,,,iscgem,iscgem870409,2025-12-19T17:31:34.799Z,"171 km SW of Akhiok, Alaska",earthquake,,4.6,0.2,,reviewed,iscgem,iscgem
1963-01-28T13:00:53.930Z,54.578,-161.561,35,6.62,mw,,,,,iscgem,iscgem17293281,2022-04-26T20:27:56.429Z,"72 km SE of King Cove, Alaska",earthquake,,18.1,0.3,,reviewed,iscgem,iscgem
1963-01-01T23:39:10.510Z,56.575,-157.542,74.8,6.4,mw,,,,,iscgem,iscgem871639,2022-04-27T00:17:56.556Z,"61 km ENE of Chignik, Alaska",earthquake,,5.4,0.4,,reviewed,iscgem,iscgem
1961-01-31T00:48:41.090Z,55.882,-153.865,28.8,6.07,mw,,,,,iscgem,iscgem876047,2022-04-26T16:16:15.954Z,"119 km S of Akhiok, Alaska",earthquake,,4,0.21,,reviewed,iscgem,iscgem
1961-01-14T16:38:57.200Z,53.693,-163.416,21.9,6.04,mw,,,,,iscgem,iscgem875956,2022-04-26T16:15:35.837Z,"129 km S of False Pass, Alaska",earthquake,,3.6,0.22,,reviewed,iscgem,iscgem
1960-09-01T15:37:18.830Z,56.239,-153.671,21.8,6.04,mw,,,,,iscgem,iscgem880215,2022-04-26T16:34:59.450Z,"84 km SSE of Akhiok, Alaska",earthquake,,3.9,0.2,,reviewed,iscgem,iscgem
1957-11-20T12:40:31.150Z,53.756,-164.648,25,6.4,mw,,,,,iscgem,iscgem887562,2022-04-26T17:19:33.855Z,"85 km ESE of Akutan, Alaska",earthquake,,28.2,0.21,,reviewed,iscgem,iscgem
1957-04-10T11:30:03.120Z,55.869,-153.964,15,6.72,mw,,,,,iscgem,iscgem886362,2022-04-26T17:11:00.617Z,"120 km S of Akhiok, Alaska",earthquake,,3.3,0.3,,reviewed,iscgem,iscgem
1957-03-22T14:21:15.060Z,53.778,-165.771,46.6,7.07,mw,,,,,iscgem,iscgem886230,2022-04-26T17:10:04.664Z,"39 km S of Akutan, Alaska",earthquake,,18.7,0.49,,reviewed,iscgem,iscgem
1957-03-17T22:44:53.780Z,53.823,-165.218,45,6.42,mw,,,,,iscgem,iscgem886191,2022-04-26T17:09:54.053Z,"50 km SE of Akutan, Alaska",earthquake,,15.2,0.2,,reviewed,iscgem,iscgem
1957-03-13T19:59:31.680Z,53.664,-165.637,50,6.2,mw,,,,,iscgem,iscgem886149,2022-04-26T17:09:39.791Z,"53 km S of Akutan, Alaska",earthquake,,23.4,0.45,,reviewed,iscgem,iscgem
1956-08-30T04:24:27.340Z,53.66,-163.926,28.8,6.1,mw,,,,,iscgem,iscgem888643,2022-04-26T17:26:16.045Z,"132 km ESE of Akutan, Alaska",earthquake,,3.8,0.2,,reviewed,iscgem,iscgem
1956-04-22T17:21:56.280Z,53.649,-161.489,15,6.13,mw,,,,,iscgem,iscgem888186,2022-04-26T17:23:24.765Z,"166 km SSE of King Cove, Alaska",earthquake,,13.2,0.2,,reviewed,iscgem,iscgem
1955-11-15T10:06:52.800Z,55.174,-155.697,27.6,6.09,mw,,,,,iscgem,iscgem890096,2022-04-26T17:38:39.143Z,"210 km SE of Chignik, Alaska",earthquake,,3.9,0.2,,reviewed,iscgem,iscgem
1955-07-27T18:19:14.480Z,56.086,-153.465,25,6.3,mw,,,,,iscgem,iscgem889792,2022-04-26T17:35:31.111Z,"105 km SSE of Akhiok, Alaska",earthquake,,5.2,0.35,,reviewed,iscgem,iscgem
1954-06-17T01:42:28.210Z,56.028,-154.249,25,6.03,mw,,,,,iscgem,iscgem890763,2022-04-26T17:43:49.797Z,"Kodiak Island region, Alaska",earthquake,,4.6,0.3,,reviewed,iscgem,iscgem
1953-06-15T17:47:19.480Z,56.282,-154.122,20,6.47,mw,,,,,iscgem,iscgem891756,2022-04-26T17:51:27.503Z,"73 km S of Akhiok, Alaska",earthquake,,3.9,0.34,,reviewed,iscgem,iscgem
1953-02-25T21:16:21.430Z,56.186,-156.607,47.7,6.3,mw,,,,,iscgem,iscgem891517,2022-04-26T17:49:33.320Z,"112 km E of Chignik, Alaska",earthquake,,5.4,0.3,,reviewed,iscgem,iscgem
1952-11-29T23:46:32.760Z,56.304,-154.056,20,6.45,mw,,,,,iscgem,iscgem893820,2022-04-26T18:11:17.822Z,"71 km S of Akhiok, Alaska",earthquake,,2.1,0.3,,reviewed,iscgem,iscgem
1952-08-28T10:52:47.910Z,55.203,-160.422,43.2,6.04,mw,,,,,iscgemsup,iscgemsup893333,2022-05-09T20:20:00.894Z,"15 km SSE of Sand Point, Alaska",earthquake,,4.9,0.94,,reviewed,iscgemsup,iscgemsup
1951-11-08T13:45:10.040Z,53.991,-161.134,35,6.25,mw,,,,,iscgem,iscgem894901,2022-04-26T18:20:45.844Z,"141 km SSE of King Cove, Alaska",earthquake,,3.7,0.24,,reviewed,iscgem,iscgem
1951-02-13T22:13:00.590Z,55.802,-156.28,20,6.9,mw,,,,,iscgem,iscgem894107,2022-04-26T18:13:11.803Z,"143 km ESE of Chignik, Alaska",earthquake,,18.9,0.3,,reviewed,iscgem,iscgem
1948-06-27T21:39:27.000Z,56.073,-154.953,25,6.03,mw,,,,,iscgem,iscgem897412,2022-04-26T18:43:07.661Z,"108 km SSW of Akhiok, Alaska",earthquake,,4.7,0.28,,reviewed,iscgem,iscgem
1948-05-26T09:16:57.040Z,55.967,-154.12,25,6,mw,,,,,iscgem,iscgem897356,2022-04-26T18:42:31.282Z,"109 km S of Akhiok, Alaska",earthquake,,3.3,0.2,,reviewed,iscgem,iscgem
1948-05-17T17:48:40.480Z,55.134,-161.015,46.4,6.08,mw,,,,,iscgem,iscgem897332,2022-04-26T18:42:11.713Z,"39 km SW of Sand Point, Alaska",earthquake,,5.4,0.2,,reviewed,iscgem,iscgem
1948-05-14T22:31:49.220Z,54.593,-161.161,25,7.1,mw,,,,,iscgem,iscgem897327,2024-01-17T20:32:48.346Z,"90 km SE of King Cove, Alaska",earthquake,,4.5,0.3,,reviewed,iscgem,iscgem
1947-05-02T02:19:02.400Z,53.647,-164.293,35,6.11,mw,,,,,iscgem,iscgem897837,2022-04-26T18:48:10.724Z,"111 km ESE of Akutan, Alaska",earthquake,,11.6,0.36,,reviewed,iscgem,iscgem
1946-11-12T05:56:24.350Z,53.188,-164.023,25,6.17,mw,,,,,iscgem,iscgem898663,2022-04-26T18:58:34.587Z,"156 km SE of Akutan, Alaska",earthquake,,4.7,0.39,,reviewed,iscgem,iscgem
1946-10-30T07:47:37.440Z,53.714,-164.714,30,6.55,mw,,,,,iscgem,iscgem898642,2022-04-26T18:58:12.973Z,"83 km SE of Akutan, Alaska",earthquake,,11.6,0.2,,reviewed,iscgem,iscgem
1946-04-06T04:52:39.760Z,53.195,-163.473,25,6.21,mw,,,,,iscgem,iscgem898341,2022-04-26T18:54:53.959Z,"184 km SE of Akutan, Alaska",earthquake,,5.7,0.2,,reviewed,iscgem,iscgem
1946-04-03T08:58:36.830Z,53.456,-163.457,25,6.04,mw,,,,,iscgem,iscgem898332,2022-04-26T18:54:41.224Z,"155 km S of False Pass, Alaska",earthquake,,7.6,0.2,,reviewed,iscgem,iscgem
1946-04-02T16:30:29.380Z,53.528,-163.982,25,6.06,mw,,,,,iscgem,iscgem898330,2022-04-26T18:54:38.906Z,"136 km ESE of Akutan, Alaska",earthquake,,14,0.2,,reviewed,iscgem,iscgem
1946-04-02T05:57:13.640Z,53.34,-162.85,25,6.2,mw,,,,,iscgem,iscgem898327,2022-04-26T18:54:37.775Z,"172 km SSE of False Pass, Alaska",earthquake,,3.8,0.45,,reviewed,iscgem,iscgem
1946-04-02T04:13:44.400Z,53.647,-163.765,25,6.23,mw,,,,,iscgem,iscgem898325,2022-04-26T18:54:36.334Z,"136 km S of False Pass, Alaska",earthquake,,14,0.2,,reviewed,iscgem,iscgem
1946-04-01T18:57:40.540Z,53.54,-163.784,25,6.58,mw,,,,,iscgem,iscgem898323,2022-04-26T18:54:30.934Z,"146 km ESE of Akutan, Alaska",earthquake,,14,0.2,,reviewed,iscgem,iscgem
1946-04-01T16:59:18.460Z,53.44,-164.065,25,6.18,mw,,,,,iscgem,iscgem898322,2022-04-26T18:54:29.724Z,"136 km SE of Akutan, Alaska",earthquake,,14,0.22,,reviewed,iscgem,iscgem
1946-04-01T12:29:01.000Z,53.492,-162.832,15,8.6,mw,,,,,official,official19460401122901_30,2026-07-30T23:53:13.658Z,"The 1946 Unimak Island, Alaska Earthquake",earthquake,,,,,automatic,iscgem,official
1945-03-18T18:54:45.930Z,54.953,-156.542,25,6.24,mw,,,,,iscgem,iscgem898845,2022-04-26T18:59:56.683Z,"189 km SE of Chignik, Alaska",earthquake,,2.1,0.62,,reviewed,iscgem,iscgem
1944-11-10T13:16:52.560Z,55.74,-155.202,25,6.23,mw,,,,,iscgem,iscgem899612,2022-04-26T19:08:56.065Z,"148 km SSW of Akhiok, Alaska",earthquake,,25,0.68,,reviewed,iscgem,iscgem
1944-07-27T00:04:28.470Z,54.487,-165.08,65,6.43,mw,,,,,iscgem,iscgem899478,2022-04-26T19:06:52.472Z,"60 km NE of Akutan, Alaska",earthquake,,5.4,0.3,,reviewed,iscgem,iscgem
1942-09-09T01:25:24.180Z,53.532,-165.885,35,6.15,mw,,,,,iscgem,iscgem900470,2022-04-26T19:20:44.745Z,"57 km SE of Unalaska, Alaska",earthquake,,4.7,0.2,,reviewed,iscgem,iscgem
1941-11-06T12:29:52.430Z,54.225,-161.414,25,6.38,mw,,,,,iscgem,iscgem901065,2022-04-26T19:31:28.473Z,"109 km SSE of King Cove, Alaska",earthquake,,14.9,0.43,,reviewed,iscgem,iscgem
1941-09-28T05:34:12.000Z,56.5,-157.5,100,6.5,mb,,,,,ushis,ushis1378,2018-06-04T20:43:44.000Z,"60 km ENE of Chignik, Alaska",earthquake,,,,,reviewed,ushis,gr
1941-04-01T10:41:03.400Z,55.947,-153.578,15,6.16,mw,,,,,iscgem,iscgem900732,2022-04-26T19:25:30.348Z,"117 km SSE of Akhiok, Alaska",earthquake,,3.7,0.3,,reviewed,iscgem,iscgem
1940-08-22T03:27:20.720Z,52.158,-165.5,15,6.96,mw,,,,,iscgem,iscgem901543,2022-04-26T19:36:34.359Z,"203 km SSE of Unalaska, Alaska",earthquake,,4.5,0.2,,reviewed,iscgem,iscgem
1940-03-16T20:40:40.990Z,55.93,-156.608,15,6.13,mw,,,,,iscgem,iscgem901242,2022-04-26T19:34:07.184Z,"118 km ESE of Chignik, Alaska",earthquake,,18.9,0.35,,reviewed,iscgem,iscgem
1940-02-12T09:17:50.770Z,54.959,-161.13,45,6.04,mw,,,,,iscgem,iscgem901197,2022-04-26T19:33:50.680Z,"58 km SW of Sand Point, Alaska",earthquake,,15.9,0.24,,reviewed,iscgem,iscgem
1939-08-20T07:17:26.000Z,54,-164,75,6.25,ms,,,,,ushis,ushis1265,2018-06-04T20:43:44.000Z,"102 km SSW of False Pass, Alaska",earthquake,,,,,reviewed,ushis,gr
1939-05-09T07:28:29.120Z,56.023,-154.761,25,6.25,mw,,,,,iscgem,iscgem901950,2022-04-25T20:45:54.755Z,"108 km SSW of Akhiok, Alaska",earthquake,,4.7,0.22,,reviewed,iscgem,iscgem
1938-12-09T03:55:27.670Z,57.084,-153.549,25,6.25,mw,,,,,iscgem,iscgem902860,2022-04-25T21:04:09.398Z,"19 km SW of Old Harbor, Alaska",earthquake,,4.2,0.24,,reviewed,iscgem,iscgem
1938-11-17T03:54:41.190Z,55.407,-157.73,35,6.9,mw,,,,,iscgem,iscgem902802,2022-04-25T21:02:07.940Z,"105 km ESE of Perryville, Alaska",earthquake,,25,0.3,,reviewed,iscgem,iscgem
1938-11-11T08:53:34.350Z,55.601,-154.217,15,6.14,mw,,,,,iscgem,iscgem902782,2022-04-25T21:01:24.127Z,"149 km S of Akhiok, Alaska",earthquake,,25,0.32,,reviewed,iscgem,iscgem
1938-11-11T00:57:48.980Z,55.018,-158.64,35,6.56,mw,,,,,iscgem,iscgem902779,2022-04-25T21:01:12.022Z,"104 km SSE of Perryville, Alaska",earthquake,,6.4,0.24,,reviewed,iscgem,iscgem
1938-11-10T20:18:49.000Z,55.178,-158.181,35,8.23,mw,,,,,official,official19381110201849000_35,2025-11-25T16:18:01.774Z,"1938 Semidi Islands, Alaska Earthquake",earthquake,,,,,reviewed,iscgem,official
1937-04-29T18:52:39.430Z,54.521,-161.792,35,6.67,mw,,,,,iscgem,iscgem903053,2022-04-25T21:07:36.985Z,"68 km SSE of King Cove, Alaska",earthquake,,16.8,0.2,,reviewed,iscgem,iscgem
1934-07-28T21:37:02.030Z,55.625,-156.727,20,6.64,mw,,,,,iscgem,iscgem905082,2022-04-25T21:47:08.334Z,"128 km SE of Chignik, Alaska",earthquake,,2.2,0.23,,reviewed,iscgem,iscgem
1933-10-14T22:19:03.380Z,53.78,-163.954,25,6.17,mw,,,,,iscgem,iscgem905874,2022-04-25T21:59:46.408Z,"Unimak Island region, Alaska",earthquake,,16.8,0.29,,reviewed,iscgem,iscgem
1933-06-28T23:35:04.220Z,53.667,-165.403,35,6.04,mw,,,,,iscgem,iscgem905668,2022-04-25T21:56:09.649Z,"57 km SSE of Akutan, Alaska",earthquake,,23.4,0.24,,reviewed,iscgem,iscgem
1932-10-30T20:47:03.280Z,54.972,-159.639,35,6.35,mw,,,,,iscgem,iscgem906441,2022-04-25T22:09:18.308Z,"68 km SE of Sand Point, Alaska",earthquake,,9.6,0.2,,reviewed,iscgem,iscgem
1932-10-16T12:08:06.860Z,54.929,-159.603,25,6.6,mw,,,,,iscgem,iscgem906425,2022-04-25T22:08:57.716Z,"72 km SE of Sand Point, Alaska",earthquake,,9.6,0.23,,reviewed,iscgem,iscgem
1929-10-14T10:09:57.770Z,53.37,-163.123,25,6.13,mw,,,,,iscgem,iscgem908349,2022-04-25T22:45:12.585Z,"166 km S of False Pass, Alaska",earthquake,,7.8,0.2,,reviewed,iscgem,iscgem
1929-02-26T09:00:51.980Z,54.562,-162.879,30,6.52,mw,,,,,iscgem,iscgem907916,2022-04-25T22:37:11.999Z,"47 km SE of False Pass, Alaska",earthquake,,37.5,0.27,,reviewed,iscgem,iscgem
1927-08-06T00:14:03.950Z,55.378,-158.418,35,6.2,mw,,,,,iscgem,iscgem909430,2022-04-25T23:07:25.137Z,"74 km SE of Perryville, Alaska",earthquake,,11.7,0.2,,reviewed,iscgem,iscgem
1927-07-28T16:17:57.440Z,55.386,-158.724,55,6.19,mw,,,,,iscgem,iscgem909412,2022-04-25T23:07:11.160Z,"64 km SSE of Perryville, Alaska",earthquake,,11.7,0.23,,reviewed,iscgem,iscgem
1927-03-25T12:55:02.210Z,54.898,-157.744,35,6.23,mw,,,,,iscgem,iscgem909167,2022-04-25T23:03:39.854Z,"143 km SE of Perryville, Alaska",earthquake,,25,0.2,,reviewed,iscgem,iscgem
1924-08-14T00:45:40.860Z,53.104,-163.213,15,6.04,mw,,,,,iscgem,iscgem911059,2022-04-25T23:32:13.978Z,"195 km S of False Pass, Alaska",earthquake,,9.9,0.22,,reviewed,iscgem,iscgem
1923-05-04T16:26:48.480Z,55.84,-156.771,25,7,mw,,,,,iscgem,iscgem911354,2022-04-25T23:35:31.251Z,"113 km ESE of Chignik, Alaska",earthquake,,15.7,0.3,,reviewed,iscgem,iscgem
1922-07-02T13:36:04.970Z,54.828,-161.224,35,6.81,mw,,,,,iscgem,iscgem911944,2022-04-25T23:41:13.347Z,"73 km SW of Sand Point, Alaska",earthquake,,15.9,0.2,,reviewed,iscgem,iscgem
1922-04-02T19:17:54.720Z,53.914,-164.948,35,6.53,mw,,,,,iscgem,iscgem911853,2022-04-25T23:40:24.355Z,"59 km ESE of Akutan, Alaska",earthquake,,15.2,0.2,,reviewed,iscgem,iscgem
1918-06-27T21:29:42.020Z,54.765,-159.989,35,6.02,mw,,,,,iscgemsup,iscgemsup913185,2022-05-09T18:04:33.369Z,"71 km SSE of Sand Point, Alaska",earthquake,,9.7,0.74,,reviewed,iscgemsup,iscgemsup
1917-12-28T21:14:35.000Z,56.165,-153.245,15,6.41,mw,,,,,iscgem,iscgem913744,2026-06-30T00:26:20.896Z,"103 km SSE of Akhiok, Alaska",earthquake,,5.7,0.4,,reviewed,iscgem,iscgem
1917-12-21T20:52:15.470Z,55.631,-152.659,15,6.16,mw,,,,,iscgem,iscgem913732,2026-06-29T23:27:24.014Z,"173 km SSE of Akhiok, Alaska",earthquake,0,25,0.22,,reviewed,iscgem,iscgem
1917-12-21T17:54:32.850Z,56.449,-152.838,15,6.63,mw,,,,,iscgem,iscgem913730,2026-06-29T00:33:50.206Z,"88 km SSE of Old Harbor, Alaska",earthquake,0,3.8,0.2,,reviewed,iscgem,iscgem
1917-07-25T03:19:15.610Z,54.488,-161.079,35,6.4,mw,,,,,iscgem,iscgem913577,2026-06-08T00:46:45.248Z,"101 km SSW of Sand Point, Alaska",earthquake,,17.7,0.2,,reviewed,iscgem,iscgem
1917-06-04T01:29:17.670Z,52.91,-158.567,15,6.26,mw,,,,,iscgem,iscgem913524,2026-06-08T00:14:52.436Z,"298 km SSE of Sand Point, Alaska",earthquake,,25,0.2,,reviewed,iscgem,iscgem
1917-05-31T08:47:32.040Z,54.995,-159.883,35,7.4,mw,,,,,iscgem,iscgem913517,2026-08-02T00:16:05.679Z,"54 km SE of Sand Point, Alaska",earthquake,0,9.7,0.3,,reviewed,iscgem,iscgem
1912-12-05T12:27:25.380Z,56.827,-154.158,35,6.07,mw,,,,,iscgem,iscgem16958220,2025-12-07T00:10:55.113Z,"13 km S of Akhiok, Alaska",earthquake,,17.4,0.22,,reviewed,iscgem,iscgem
1912-11-07T07:40:21.500Z,57.592,-154.389,35,7.08,mw,,,,,iscgem,iscgem16958217,2025-12-06T23:56:24.020Z,"4 km ENE of Karluk, Alaska",earthquake,,7.4,0.2,,reviewed,iscgem,iscgem
1911-09-13T03:04:12.000Z,56.198,-156.274,35,6.12,mw,,,,,iscgem,iscgem610326376,2025-08-16T22:38:11.225Z,"132 km E of Chignik, Alaska",earthquake,,18.9,0.2,,reviewed,iscgem,iscgem
1910-05-13T07:57:42.020Z,52.76,-159.744,15,6.63,mw,,,,,iscgem,iscgem16958083,2025-07-20T23:54:01.409Z,"291 km S of Sand Point, Alaska",earthquake,,25,0.2,,reviewed,iscgem,iscgem
1907-08-22T22:24:00.000Z,57,-161,120,6.5,mb,,,,,ushis,ushis466,2024-10-11T23:31:59.555Z,"Bristol Bay, Alaska",earthquake,,,,,reviewed,ushis,gr
1901-12-30T22:34:00.000Z,52,-160,,7,ms,,,,,ushis,ushis397,2024-03-11T00:20:09.462Z,"South of Alaska",earthquake,,,,,reviewed,ushis,abe
